Date,Open,High,Low,Close,Adj Close,Volume
2010-01-04,4.460000038146973,4.659999847412109,4.409999847412109,4.650000095367432,4.650000095367432,762700
2010-01-05,4.619999885559082,4.71999979019165,4.619999885559082,4.699999809265137,4.699999809265137,319800
2010-01-06,5.050000190734863,5.949999809265137,5.03000020980835,5.840000152587891,5.840000152587891,8492700
2010-01-07,5.739999771118164,6.050000190734863,5.460000038146973,5.659999847412109,5.659999847412109,4124300
2010-01-08,5.639999866485596,5.800000190734863,5.429999828338623,5.559999942779541,5.559999942779541,1775800
2010-01-11,5.619999885559082,6.360000133514404,5.519999980926514,6.190000057220459,6.190000057220459,4671300
2010-01-12,6.130000114440918,6.429999828338623,5.909999847412109,5.929999828338623,5.929999828338623,2552300
2010-01-13,6.079999923706055,6.400000095367432,6.0,6.269999980926514,6.269999980926514,1992300
2010-01-14,6.28000020980835,6.690000057220459,6.260000228881836,6.389999866485596,6.389999866485596,2507200
2010-01-15,6.420000076293945,6.429999828338623,5.989999771118164,6.289999961853027,6.289999961853027,1663500
2010-01-19,6.320000171661377,6.690000057220459,6.289999961853027,6.320000171661377,6.320000171661377,1674200
2010-01-20,6.289999961853027,6.360000133514404,6.110000133514404,6.25,6.25,746900
2010-01-21,6.25,6.28000020980835,5.860000133514404,5.880000114440918,5.880000114440918,1276800
2010-01-22,5.880000114440918,6.090000152587891,5.579999923706055,5.739999771118164,5.739999771118164,1237700
2010-01-25,5.769999980926514,5.929999828338623,5.639999866485596,5.800000190734863,5.800000190734863,810900
2010-01-26,5.760000228881836,5.869999885559082,5.650000095367432,5.820000171661377,5.820000171661377,1071400
2010-01-27,5.800000190734863,5.949999809265137,5.78000020980835,5.920000076293945,5.920000076293945,842700
2010-01-28,5.960000038146973,5.960000038146973,5.800000190734863,5.900000095367432,5.900000095367432,566700
2010-01-29,5.909999847412109,6.0,5.559999942779541,5.639999866485596,5.639999866485596,1259600
2010-02-01,5.710000038146973,5.909999847412109,5.659999847412109,5.889999866485596,5.889999866485596,586800
2010-02-02,5.909999847412109,5.980000019073486,5.829999923706055,5.96999979019165,5.96999979019165,505700
2010-02-03,5.929999828338623,6.0,5.809999942779541,5.849999904632568,5.849999904632568,771600
2010-02-04,5.78000020980835,5.800000190734863,5.630000114440918,5.630000114440918,5.630000114440918,720300
2010-02-05,5.619999885559082,5.650000095367432,5.329999923706055,5.46999979019165,5.46999979019165,931400
2010-02-08,5.489999771118164,5.670000076293945,5.46999979019165,5.510000228881836,5.510000228881836,395900
2010-02-09,5.570000171661377,5.710000038146973,5.550000190734863,5.659999847412109,5.659999847412109,414800
2010-02-10,5.730000019073486,5.769999980926514,5.579999923706055,5.670000076293945,5.670000076293945,330700
2010-02-11,5.650000095367432,5.840000152587891,5.559999942779541,5.769999980926514,5.769999980926514,450600
2010-02-12,5.619999885559082,5.71999979019165,5.570000171661377,5.71999979019165,5.71999979019165,544500
2010-02-16,5.760000228881836,5.989999771118164,5.730000019073486,5.949999809265137,5.949999809265137,693700
2010-02-17,6.0,6.5,5.989999771118164,6.409999847412109,6.409999847412109,1675300
2010-02-18,6.46999979019165,6.610000133514404,6.320000171661377,6.579999923706055,6.579999923706055,1898500
2010-02-19,6.860000133514404,7.340000152587891,6.820000171661377,7.150000095367432,7.150000095367432,5253700
2010-02-22,7.159999847412109,7.880000114440918,7.150000095367432,7.630000114440918,7.630000114440918,3894400
2010-02-23,7.5,7.699999809265137,6.940000057220459,6.96999979019165,6.96999979019165,4430800
2010-02-24,7.010000228881836,7.260000228881836,7.0,7.230000019073486,7.230000019073486,1316900
2010-02-25,7.03000020980835,7.289999961853027,6.949999809265137,7.25,7.25,1335000
2010-02-26,7.28000020980835,7.75,7.269999980926514,7.559999942779541,7.559999942779541,2242300
2010-03-01,7.25,7.269999980926514,6.880000114440918,6.980000019073486,6.980000019073486,3405400
2010-03-02,7.050000190734863,7.099999904632568,6.789999961853027,7.019999980926514,7.019999980926514,1429500
2010-03-03,7.039999961853027,7.090000152587891,6.800000190734863,6.929999828338623,6.929999828338623,1132400
2010-03-04,6.920000076293945,7.019999980926514,6.679999828338623,6.78000020980835,6.78000020980835,1507900
2010-03-05,6.840000152587891,6.989999771118164,6.789999961853027,6.96999979019165,6.96999979019165,1049600
2010-03-08,7.059999942779541,7.099999904632568,6.869999885559082,6.989999771118164,6.989999771118164,955400
2010-03-09,6.949999809265137,7.349999904632568,6.949999809265137,7.150000095367432,7.150000095367432,2016000
2010-03-10,7.199999809265137,7.289999961853027,7.019999980926514,7.070000171661377,7.070000171661377,1175200
2010-03-11,7.059999942779541,7.159999847412109,7.0,7.03000020980835,7.03000020980835,833700
2010-03-12,7.099999904632568,7.099999904632568,6.909999847412109,6.940000057220459,6.940000057220459,1168900
2010-03-15,6.960000038146973,7.090000152587891,6.860000133514404,6.889999866485596,6.889999866485596,885800
2010-03-16,6.880000114440918,6.960000038146973,6.769999980926514,6.78000020980835,6.78000020980835,973900
2010-03-17,6.849999904632568,6.880000114440918,6.679999828338623,6.699999809265137,6.699999809265137,1020800
2010-03-18,6.75,6.78000020980835,6.389999866485596,6.389999866485596,6.389999866485596,1849100
2010-03-19,6.429999828338623,6.489999771118164,6.320000171661377,6.320000171661377,6.320000171661377,1378400
2010-03-22,6.269999980926514,6.480000019073486,6.150000095367432,6.440000057220459,6.440000057220459,781700
2010-03-23,6.420000076293945,6.599999904632568,6.400000095367432,6.599999904632568,6.599999904632568,839600
2010-03-24,6.579999923706055,6.71999979019165,6.519999980926514,6.630000114440918,6.630000114440918,1247400
2010-03-25,6.699999809265137,6.739999771118164,6.289999961853027,6.309999942779541,6.309999942779541,1285100
2010-03-26,6.320000171661377,6.369999885559082,5.869999885559082,6.0,6.0,2312900
2010-03-29,6.010000228881836,6.070000171661377,5.900000095367432,6.059999942779541,6.059999942779541,824000
2010-03-30,6.070000171661377,6.110000133514404,5.96999979019165,6.03000020980835,6.03000020980835,577700
2010-03-31,6.010000228881836,6.03000020980835,5.860000133514404,5.869999885559082,5.869999885559082,840500
2010-04-01,5.929999828338623,5.96999979019165,5.760000228881836,5.78000020980835,5.78000020980835,702100
2010-04-05,5.610000133514404,5.639999866485596,5.349999904632568,5.590000152587891,5.590000152587891,3362500
2010-04-06,5.599999904632568,5.800000190734863,5.539999961853027,5.619999885559082,5.619999885559082,1683500
2010-04-07,5.599999904632568,5.71999979019165,5.5,5.539999961853027,5.539999961853027,1289000
2010-04-08,5.539999961853027,5.570000171661377,5.429999828338623,5.480000019073486,5.480000019073486,1030500
2010-04-09,5.5,5.599999904632568,5.369999885559082,5.519999980926514,5.519999980926514,1332900
2010-04-12,5.489999771118164,5.570000171661377,5.400000095367432,5.46999979019165,5.46999979019165,1031900
2010-04-13,5.46999979019165,5.46999979019165,5.269999980926514,5.329999923706055,5.329999923706055,1148700
2010-04-14,5.389999866485596,5.429999828338623,5.329999923706055,5.429999828338623,5.429999828338623,631200
2010-04-15,5.440000057220459,5.460000038146973,5.269999980926514,5.369999885559082,5.369999885559082,706200
2010-04-16,5.369999885559082,5.400000095367432,5.210000038146973,5.210000038146973,5.210000038146973,1006300
2010-04-19,5.269999980926514,5.400000095367432,5.199999809265137,5.300000190734863,5.300000190734863,1221400
2010-04-20,5.349999904632568,5.429999828338623,5.309999942779541,5.389999866485596,5.389999866485596,990800
2010-04-21,5.389999866485596,5.429999828338623,5.309999942779541,5.380000114440918,5.380000114440918,626700
2010-04-22,5.340000152587891,5.630000114440918,5.320000171661377,5.610000133514404,5.610000133514404,1262200
2010-04-23,5.329999923706055,5.389999866485596,4.869999885559082,4.900000095367432,4.900000095367432,4551400
2010-04-26,4.929999828338623,4.960000038146973,4.739999771118164,4.769999980926514,4.769999980926514,2498400
2010-04-27,4.920000076293945,5.070000171661377,4.800000190734863,4.949999809265137,4.949999809265137,2855700
2010-04-28,4.989999771118164,4.989999771118164,4.800000190734863,4.829999923706055,4.829999923706055,1570000
2010-04-29,4.860000133514404,4.900000095367432,4.809999942779541,4.869999885559082,4.869999885559082,1364800
2010-04-30,4.860000133514404,4.909999847412109,4.730000019073486,4.75,4.75,1484900
2010-05-03,4.760000228881836,4.849999904632568,4.610000133514404,4.840000152587891,4.840000152587891,1183000
2010-05-04,4.789999961853027,4.809999942779541,4.690000057220459,4.760000228881836,4.760000228881836,1428400
2010-05-05,4.739999771118164,4.78000020980835,4.650000095367432,4.75,4.75,1098700
2010-05-06,4.71999979019165,4.78000020980835,4.480000019073486,4.610000133514404,4.610000133514404,2605700
2010-05-07,4.550000190734863,4.650000095367432,4.400000095367432,4.409999847412109,4.409999847412109,1773000
2010-05-10,4.630000114440918,4.670000076293945,4.519999980926514,4.650000095367432,4.650000095367432,1013000
2010-05-11,4.599999904632568,4.760000228881836,4.559999942779541,4.679999828338623,4.679999828338623,884200
2010-05-12,4.679999828338623,4.900000095367432,4.650000095367432,4.889999866485596,4.889999866485596,915400
2010-05-13,4.900000095367432,5.170000076293945,4.849999904632568,5.099999904632568,5.099999904632568,1913800
2010-05-14,5.050000190734863,5.119999885559082,4.889999866485596,5.039999961853027,5.039999961853027,1107300
2010-05-17,5.070000171661377,5.099999904632568,4.949999809265137,5.059999942779541,5.059999942779541,796000
2010-05-18,5.110000133514404,5.170000076293945,4.929999828338623,4.960000038146973,4.960000038146973,804200
2010-05-19,4.949999809265137,4.980000019073486,4.829999923706055,4.860000133514404,4.860000133514404,776300
2010-05-20,4.75,4.820000171661377,4.519999980926514,4.519999980926514,4.519999980926514,1675800
2010-05-21,4.449999809265137,4.639999866485596,4.449999809265137,4.519999980926514,4.519999980926514,1060000
2010-05-24,4.53000020980835,4.619999885559082,4.340000152587891,4.340000152587891,4.340000152587891,759900
2010-05-25,4.210000038146973,4.369999885559082,4.110000133514404,4.329999923706055,4.329999923706055,976400
2010-05-26,4.349999904632568,4.53000020980835,4.300000190734863,4.340000152587891,4.340000152587891,642400
2010-05-27,4.440000057220459,4.53000020980835,4.349999904632568,4.53000020980835,4.53000020980835,428100
2010-05-28,4.519999980926514,4.550000190734863,4.25,4.46999979019165,4.46999979019165,1540200
2010-06-01,4.409999847412109,4.46999979019165,4.130000114440918,4.130000114440918,4.130000114440918,1071300
2010-06-02,4.179999828338623,4.329999923706055,4.139999866485596,4.320000171661377,4.320000171661377,876400
2010-06-03,4.320000171661377,4.400000095367432,4.150000095367432,4.320000171661377,4.320000171661377,1008100
2010-06-04,4.210000038146973,4.320000171661377,4.179999828338623,4.28000020980835,4.28000020980835,1053600
2010-06-07,4.289999961853027,4.349999904632568,4.119999885559082,4.130000114440918,4.130000114440918,822500
2010-06-08,4.150000095367432,4.190000057220459,4.070000171661377,4.099999904632568,4.099999904632568,659000
2010-06-09,4.150000095367432,4.199999809265137,4.099999904632568,4.119999885559082,4.119999885559082,566300
2010-06-10,4.170000076293945,4.21999979019165,4.079999923706055,4.179999828338623,4.179999828338623,866400
2010-06-11,4.159999847412109,4.230000019073486,4.099999904632568,4.130000114440918,4.130000114440918,423200
2010-06-14,4.179999828338623,4.269999980926514,4.179999828338623,4.199999809265137,4.199999809265137,395800
2010-06-15,4.230000019073486,4.25,3.9800000190734863,4.199999809265137,4.199999809265137,2339800
2010-06-16,4.150000095367432,4.179999828338623,4.059999942779541,4.159999847412109,4.159999847412109,941100
2010-06-17,4.150000095367432,4.179999828338623,4.110000133514404,4.179999828338623,4.179999828338623,623200
2010-06-18,4.210000038146973,4.21999979019165,4.130000114440918,4.150000095367432,4.150000095367432,699800
2010-06-21,4.210000038146973,4.239999771118164,4.0,4.010000228881836,4.010000228881836,661900
2010-06-22,4.019999980926514,4.079999923706055,3.809999942779541,3.8499999046325684,3.8499999046325684,1825700
2010-06-23,3.859999895095825,3.9600000381469727,3.8299999237060547,3.940000057220459,3.940000057220459,957600
2010-06-24,3.930000066757202,4.050000190734863,3.9200000762939453,3.9600000381469727,3.9600000381469727,728200
2010-06-25,3.9600000381469727,4.070000171661377,3.880000114440918,4.070000171661377,4.070000171661377,1295500
2010-06-28,4.019999980926514,4.070000171661377,3.9600000381469727,3.9800000190734863,3.9800000190734863,810300
2010-06-29,3.9000000953674316,3.950000047683716,3.7899999618530273,3.799999952316284,3.799999952316284,823200
2010-06-30,3.809999942779541,4.130000114440918,3.809999942779541,3.9000000953674316,3.9000000953674316,1102400
2010-07-01,3.5799999237060547,3.7899999618530273,3.549999952316284,3.700000047683716,3.700000047683716,1951600
2010-07-02,3.7100000381469727,3.75,3.5899999141693115,3.7100000381469727,3.7100000381469727,514500
2010-07-06,3.7699999809265137,3.9600000381469727,3.680000066757202,3.740000009536743,3.740000009536743,476900
2010-07-07,3.759999990463257,3.8399999141693115,3.700000047683716,3.7899999618530273,3.7899999618530273,478300
2010-07-08,3.819999933242798,3.8499999046325684,3.680000066757202,3.7699999809265137,3.7699999809265137,850200
2010-07-09,3.75,3.869999885559082,3.6600000858306885,3.869999885559082,3.869999885559082,727900
2010-07-12,3.8499999046325684,3.940000057220459,3.75,3.859999895095825,3.859999895095825,406900
2010-07-13,3.9000000953674316,4.0,3.859999895095825,4.0,4.0,632400
2010-07-14,4.0,4.019999980926514,3.819999933242798,3.8399999141693115,3.8399999141693115,431600
2010-07-15,3.8299999237060547,3.890000104904175,3.7300000190734863,3.759999990463257,3.759999990463257,439300
2010-07-16,3.75,3.7799999713897705,3.619999885559082,3.7300000190734863,3.7300000190734863,616900
2010-07-19,3.7200000286102295,3.809999942779541,3.7200000286102295,3.7799999713897705,3.7799999713897705,370000
2010-07-20,3.7300000190734863,3.859999895095825,3.7200000286102295,3.8499999046325684,3.8499999046325684,382900
2010-07-21,3.869999885559082,4.389999866485596,3.8399999141693115,4.329999923706055,4.329999923706055,2917400
2010-07-22,4.400000095367432,4.420000076293945,4.260000228881836,4.400000095367432,4.400000095367432,891800
2010-07-23,4.389999866485596,4.389999866485596,4.159999847412109,4.199999809265137,4.199999809265137,1244200
2010-07-26,4.239999771118164,4.380000114440918,4.170000076293945,4.369999885559082,4.369999885559082,765400
2010-07-27,4.289999961853027,4.619999885559082,4.21999979019165,4.25,4.25,1697100
2010-07-28,4.260000228881836,4.28000020980835,4.050000190734863,4.110000133514404,4.110000133514404,639100
2010-07-29,4.130000114440918,4.139999866485596,3.9000000953674316,3.9100000858306885,3.9100000858306885,905400
2010-07-30,3.869999885559082,4.139999866485596,3.869999885559082,4.099999904632568,4.099999904632568,828300
2010-08-02,4.179999828338623,4.179999828338623,4.010000228881836,4.099999904632568,4.099999904632568,456500
2010-08-03,4.070000171661377,4.110000133514404,4.010000228881836,4.039999961853027,4.039999961853027,385000
2010-08-04,4.070000171661377,4.130000114440918,4.0,4.039999961853027,4.039999961853027,374500
2010-08-05,4.0,4.070000171661377,4.0,4.010000228881836,4.010000228881836,299000
2010-08-06,3.9600000381469727,4.090000152587891,3.9200000762939453,4.059999942779541,4.059999942779541,336600
2010-08-09,4.099999904632568,4.099999904632568,4.019999980926514,4.079999923706055,4.079999923706055,189900
2010-08-10,4.019999980926514,4.150000095367432,4.0,4.059999942779541,4.059999942779541,392300
2010-08-11,4.0,4.03000020980835,3.9200000762939453,3.940000057220459,3.940000057220459,799100
2010-08-12,3.890000104904175,4.03000020980835,3.8499999046325684,3.990000009536743,3.990000009536743,536400
2010-08-13,3.9600000381469727,4.039999961853027,3.869999885559082,3.869999885559082,3.869999885559082,369200
2010-08-16,3.8499999046325684,3.9700000286102295,3.8499999046325684,3.950000047683716,3.950000047683716,436000
2010-08-17,4.0,4.059999942779541,3.9600000381469727,4.059999942779541,4.059999942779541,274000
2010-08-18,4.039999961853027,4.039999961853027,3.950000047683716,4.0,4.0,263600
2010-08-19,4.0,4.019999980926514,3.819999933242798,3.819999933242798,3.819999933242798,452800
2010-08-20,3.819999933242798,3.9000000953674316,3.799999952316284,3.859999895095825,3.859999895095825,274100
2010-08-23,3.869999885559082,3.930000066757202,3.819999933242798,3.859999895095825,3.859999895095825,357100
2010-08-24,3.799999952316284,3.9000000953674316,3.630000114440918,3.630000114440918,3.630000114440918,758700
2010-08-25,3.5999999046325684,3.6500000953674316,3.5199999809265137,3.619999885559082,3.619999885559082,644200
2010-08-26,3.619999885559082,3.690000057220459,3.5399999618530273,3.5799999237060547,3.5799999237060547,447500
2010-08-27,3.630000114440918,3.7200000286102295,3.5799999237060547,3.7200000286102295,3.7200000286102295,352300
2010-08-30,3.690000057220459,3.7200000286102295,3.640000104904175,3.640000104904175,3.640000104904175,329200
2010-08-31,3.630000114440918,3.740000009536743,3.619999885559082,3.630000114440918,3.630000114440918,322700
2010-09-01,3.75,3.9100000858306885,3.7300000190734863,3.9000000953674316,3.9000000953674316,652300
2010-09-02,3.9000000953674316,3.9800000190734863,3.869999885559082,3.9700000286102295,3.9700000286102295,417300
2010-09-03,4.0,4.010000228881836,3.930000066757202,3.990000009536743,3.990000009536743,356200
2010-09-07,3.990000009536743,4.0,3.9200000762939453,3.9200000762939453,3.9200000762939453,240800
2010-09-08,3.940000057220459,3.9800000190734863,3.9100000858306885,3.930000066757202,3.930000066757202,228300
2010-09-09,3.9800000190734863,3.990000009536743,3.9000000953674316,3.950000047683716,3.950000047683716,245800
2010-09-10,3.950000047683716,4.0,3.869999885559082,3.9000000953674316,3.9000000953674316,213600
2010-09-13,3.9600000381469727,4.059999942779541,3.930000066757202,4.050000190734863,4.050000190734863,325300
2010-09-14,4.03000020980835,4.039999961853027,3.950000047683716,3.9800000190734863,3.9800000190734863,244400
2010-09-15,3.9700000286102295,4.010000228881836,3.890000104904175,3.930000066757202,3.930000066757202,185600
2010-09-16,3.9100000858306885,3.9700000286102295,3.890000104904175,3.9000000953674316,3.9000000953674316,169600
2010-09-17,3.950000047683716,3.9600000381469727,3.799999952316284,3.880000114440918,3.880000114440918,722400
2010-09-20,3.9000000953674316,4.010000228881836,3.859999895095825,4.0,4.0,466500
2010-09-21,3.9800000190734863,4.010000228881836,3.950000047683716,3.950000047683716,3.950000047683716,215300
2010-09-22,3.9200000762939453,3.9800000190734863,3.869999885559082,3.940000057220459,3.940000057220459,242500
2010-09-23,3.9000000953674316,3.990000009536743,3.859999895095825,3.859999895095825,3.859999895095825,271900
2010-09-24,3.9000000953674316,4.0,3.890000104904175,3.9800000190734863,3.9800000190734863,315400
2010-09-27,3.8499999046325684,3.930000066757202,3.8399999141693115,3.9100000858306885,3.9100000858306885,274200
2010-09-28,3.9100000858306885,3.9200000762939453,3.799999952316284,3.819999933242798,3.819999933242798,454400
2010-09-29,3.809999942779541,3.9100000858306885,3.809999942779541,3.8399999141693115,3.8399999141693115,289700
2010-09-30,3.869999885559082,3.890000104904175,3.819999933242798,3.880000114440918,3.880000114440918,391500
2010-10-01,3.880000114440918,3.890000104904175,3.819999933242798,3.880000114440918,3.880000114440918,220200
2010-10-04,3.9000000953674316,3.930000066757202,3.609999895095825,3.609999895095825,3.609999895095825,1068600
2010-10-05,3.7100000381469727,3.950000047683716,3.700000047683716,3.950000047683716,3.950000047683716,867600
2010-10-06,3.930000066757202,4.099999904632568,3.819999933242798,4.0,4.0,748800
2010-10-07,4.03000020980835,4.119999885559082,3.9800000190734863,4.119999885559082,4.119999885559082,458900
2010-10-08,4.110000133514404,4.130000114440918,4.050000190734863,4.059999942779541,4.059999942779541,328700
2010-10-11,4.039999961853027,4.099999904632568,3.990000009536743,4.010000228881836,4.010000228881836,316500
2010-10-12,4.010000228881836,4.070000171661377,3.990000009536743,4.059999942779541,4.059999942779541,358600
2010-10-13,4.070000171661377,4.199999809265137,4.050000190734863,4.159999847412109,4.159999847412109,420200
2010-10-14,4.170000076293945,4.260000228881836,4.139999866485596,4.150000095367432,4.150000095367432,389700
2010-10-15,4.210000038146973,4.239999771118164,4.130000114440918,4.179999828338623,4.179999828338623,368000
2010-10-18,4.179999828338623,4.489999771118164,4.159999847412109,4.489999771118164,4.489999771118164,740200
2010-10-19,4.420000076293945,4.570000171661377,4.239999771118164,4.260000228881836,4.260000228881836,848700
2010-10-20,4.289999961853027,4.539999961853027,4.289999961853027,4.460000038146973,4.460000038146973,461800
2010-10-21,4.489999771118164,4.610000133514404,4.400000095367432,4.539999961853027,4.539999961853027,590300
2010-10-22,4.539999961853027,4.590000152587891,4.5,4.53000020980835,4.53000020980835,258700
2010-10-25,4.579999923706055,4.590000152587891,4.429999828338623,4.449999809265137,4.449999809265137,236500
2010-10-26,4.420000076293945,4.53000020980835,4.409999847412109,4.429999828338623,4.429999828338623,265600
2010-10-27,4.269999980926514,4.28000020980835,3.990000009536743,4.130000114440918,4.130000114440918,941500
2010-10-28,4.150000095367432,4.159999847412109,3.930000066757202,3.950000047683716,3.950000047683716,710700
2010-10-29,3.930000066757202,4.010000228881836,3.880000114440918,3.9700000286102295,3.9700000286102295,386400
2010-11-01,3.990000009536743,4.039999961853027,3.859999895095825,3.890000104904175,3.890000104904175,339000
2010-11-02,3.940000057220459,3.990000009536743,3.9000000953674316,3.9200000762939453,3.9200000762939453,326700
2010-11-03,3.940000057220459,4.0,3.9000000953674316,3.9700000286102295,3.9700000286102295,355100
2010-11-04,3.990000009536743,4.179999828338623,3.9700000286102295,4.119999885559082,4.119999885559082,621900
2010-11-05,4.119999885559082,4.199999809265137,4.070000171661377,4.110000133514404,4.110000133514404,268800
2010-11-08,4.099999904632568,4.139999866485596,4.03000020980835,4.110000133514404,4.110000133514404,310500
2010-11-09,4.110000133514404,4.269999980926514,4.079999923706055,4.210000038146973,4.210000038146973,349200
2010-11-10,4.199999809265137,4.210000038146973,4.130000114440918,4.170000076293945,4.170000076293945,178100
2010-11-11,4.119999885559082,4.150000095367432,4.0,4.039999961853027,4.039999961853027,313800
2010-11-12,4.0,4.070000171661377,3.9100000858306885,3.9200000762939453,3.9200000762939453,291000
2010-11-15,3.950000047683716,4.150000095367432,3.940000057220459,4.059999942779541,4.059999942779541,293100
2010-11-16,4.019999980926514,4.070000171661377,3.990000009536743,4.03000020980835,4.03000020980835,546800
2010-11-17,4.03000020980835,4.130000114440918,4.019999980926514,4.119999885559082,4.119999885559082,384800
2010-11-18,4.159999847412109,4.210000038146973,4.130000114440918,4.210000038146973,4.210000038146973,526500
2010-11-19,4.21999979019165,4.300000190734863,4.210000038146973,4.269999980926514,4.269999980926514,305400
2010-11-22,4.25,4.300000190734863,4.070000171661377,4.099999904632568,4.099999904632568,254600
2010-11-23,4.050000190734863,4.090000152587891,4.0,4.039999961853027,4.039999961853027,237600
2010-11-24,4.070000171661377,4.199999809265137,4.050000190734863,4.110000133514404,4.110000133514404,312700
2010-11-26,4.079999923706055,4.25,4.079999923706055,4.159999847412109,4.159999847412109,113800
2010-11-29,4.159999847412109,4.190000057220459,4.050000190734863,4.079999923706055,4.079999923706055,192400
2010-11-30,4.03000020980835,4.099999904632568,4.0,4.03000020980835,4.03000020980835,380600
2010-12-01,4.099999904632568,4.170000076293945,4.039999961853027,4.110000133514404,4.110000133514404,438500
2010-12-02,4.110000133514404,4.150000095367432,4.070000171661377,4.099999904632568,4.099999904632568,129500
2010-12-03,4.070000171661377,4.139999866485596,4.039999961853027,4.099999904632568,4.099999904632568,213800
2010-12-06,4.070000171661377,4.199999809265137,4.059999942779541,4.130000114440918,4.130000114440918,291600
2010-12-07,4.190000057220459,4.199999809265137,4.079999923706055,4.090000152587891,4.090000152587891,255200
2010-12-08,4.150000095367432,4.920000076293945,4.139999866485596,4.880000114440918,4.880000114440918,3281000
2010-12-09,4.840000152587891,4.849999904632568,4.53000020980835,4.550000190734863,4.550000190734863,1152700
2010-12-10,4.550000190734863,4.690000057220459,4.409999847412109,4.570000171661377,4.570000171661377,722800
2010-12-13,4.570000171661377,4.820000171661377,4.559999942779541,4.670000076293945,4.670000076293945,642000
2010-12-14,4.670000076293945,4.849999904632568,4.570000171661377,4.590000152587891,4.590000152587891,818900
2010-12-15,4.599999904632568,4.659999847412109,4.480000019073486,4.519999980926514,4.519999980926514,405400
2010-12-16,4.519999980926514,4.690000057220459,4.519999980926514,4.670000076293945,4.670000076293945,345500
2010-12-17,4.659999847412109,4.949999809265137,4.570000171661377,4.880000114440918,4.880000114440918,1321300
2010-12-20,4.909999847412109,5.099999904632568,4.869999885559082,4.869999885559082,4.869999885559082,839600
2010-12-21,4.880000114440918,5.070000171661377,4.860000133514404,4.880000114440918,4.880000114440918,975600
2010-12-22,4.880000114440918,4.920000076293945,4.690000057220459,4.800000190734863,4.800000190734863,537000
2010-12-23,4.809999942779541,4.849999904632568,4.699999809265137,4.739999771118164,4.739999771118164,287200
2010-12-27,4.710000038146973,4.869999885559082,4.650000095367432,4.840000152587891,4.840000152587891,287900
2010-12-28,4.829999923706055,4.949999809265137,4.78000020980835,4.849999904632568,4.849999904632568,341400
2010-12-29,4.869999885559082,4.880000114440918,4.739999771118164,4.769999980926514,4.769999980926514,414800
2010-12-30,4.760000228881836,4.789999961853027,4.710000038146973,4.71999979019165,4.71999979019165,351100
2010-12-31,4.699999809265137,4.75,4.650000095367432,4.699999809265137,4.699999809265137,443600
2011-01-03,4.75,5.019999980926514,4.75,5.0,5.0,807900
2011-01-04,4.980000019073486,5.090000152587891,4.769999980926514,4.769999980926514,4.769999980926514,901900
2011-01-05,4.769999980926514,4.880000114440918,4.690000057220459,4.880000114440918,4.880000114440918,497400
2011-01-06,4.920000076293945,4.980000019073486,4.739999771118164,4.769999980926514,4.769999980926514,572300
2011-01-07,4.789999961853027,4.880000114440918,4.71999979019165,4.789999961853027,4.789999961853027,591900
2011-01-10,4.739999771118164,4.829999923706055,4.679999828338623,4.78000020980835,4.78000020980835,923200
2011-01-11,4.800000190734863,4.909999847412109,4.760000228881836,4.869999885559082,4.869999885559082,608700
2011-01-12,4.909999847412109,4.909999847412109,4.769999980926514,4.789999961853027,4.789999961853027,318400
2011-01-13,4.769999980926514,4.820000171661377,4.739999771118164,4.769999980926514,4.769999980926514,289800
2011-01-14,4.730000019073486,4.809999942779541,4.699999809265137,4.809999942779541,4.809999942779541,303500
2011-01-18,4.769999980926514,4.840000152587891,4.710000038146973,4.75,4.75,354300
2011-01-19,4.920000076293945,4.940000057220459,4.760000228881836,4.760000228881836,4.760000228881836,630900
2011-01-20,4.769999980926514,4.829999923706055,4.690000057220459,4.690000057220459,4.690000057220459,463700
2011-01-21,4.75,4.760000228881836,4.599999904632568,4.610000133514404,4.610000133514404,426700
2011-01-24,4.599999904632568,4.699999809265137,4.559999942779541,4.599999904632568,4.599999904632568,451700
2011-01-25,4.599999904632568,4.610000133514404,4.150000095367432,4.199999809265137,4.199999809265137,1817300
2011-01-26,4.199999809265137,4.340000152587891,4.139999866485596,4.150000095367432,4.150000095367432,1001800
2011-01-27,4.159999847412109,4.239999771118164,4.159999847412109,4.21999979019165,4.21999979019165,442200
2011-01-28,4.210000038146973,4.269999980926514,4.190000057220459,4.199999809265137,4.199999809265137,704400
2011-01-31,4.25,4.260000228881836,4.170000076293945,4.190000057220459,4.190000057220459,561100
2011-02-01,4.21999979019165,4.300000190734863,4.179999828338623,4.300000190734863,4.300000190734863,289100
2011-02-02,4.28000020980835,4.349999904632568,4.21999979019165,4.21999979019165,4.21999979019165,310300
2011-02-03,4.21999979019165,4.260000228881836,4.119999885559082,4.130000114440918,4.130000114440918,534200
2011-02-04,4.130000114440918,4.170000076293945,4.070000171661377,4.119999885559082,4.119999885559082,457600
2011-02-07,4.110000133514404,4.170000076293945,4.059999942779541,4.130000114440918,4.130000114440918,346600
2011-02-08,4.110000133514404,4.159999847412109,4.110000133514404,4.150000095367432,4.150000095367432,243500
2011-02-09,4.150000095367432,4.150000095367432,4.110000133514404,4.119999885559082,4.119999885559082,200000
2011-02-10,4.119999885559082,4.150000095367432,4.050000190734863,4.050000190734863,4.050000190734863,380200
2011-02-11,4.050000190734863,4.059999942779541,3.990000009536743,4.010000228881836,4.010000228881836,476500
2011-02-14,4.03000020980835,4.21999979019165,4.0,4.099999904632568,4.099999904632568,441000
2011-02-15,4.099999904632568,4.170000076293945,4.059999942779541,4.090000152587891,4.090000152587891,336700
2011-02-16,4.130000114440918,4.340000152587891,4.130000114440918,4.25,4.25,859300
2011-02-17,4.260000228881836,4.340000152587891,4.090000152587891,4.269999980926514,4.269999980926514,379000
2011-02-18,4.289999961853027,4.300000190734863,4.170000076293945,4.289999961853027,4.289999961853027,360800
2011-02-22,4.21999979019165,4.349999904632568,4.159999847412109,4.170000076293945,4.170000076293945,554200
2011-02-23,4.050000190734863,4.119999885559082,3.9000000953674316,3.9600000381469727,3.9600000381469727,939400
2011-02-24,3.940000057220459,4.010000228881836,3.740000009536743,3.759999990463257,3.759999990463257,1151400
2011-02-25,3.7699999809265137,3.859999895095825,3.759999990463257,3.8399999141693115,3.8399999141693115,560200
2011-02-28,3.7200000286102295,3.859999895095825,3.7200000286102295,3.7799999713897705,3.7799999713897705,404500
2011-03-01,3.7799999713897705,3.799999952316284,3.680000066757202,3.690000057220459,3.690000057220459,478400
2011-03-02,3.690000057220459,3.9000000953674316,3.690000057220459,3.890000104904175,3.890000104904175,606900
2011-03-03,4.0,4.099999904632568,3.9100000858306885,4.090000152587891,4.090000152587891,730400
2011-03-04,4.070000171661377,4.099999904632568,4.0,4.059999942779541,4.059999942779541,398000
2011-03-07,4.050000190734863,4.070000171661377,4.010000228881836,4.019999980926514,4.019999980926514,421600
2011-03-08,3.9800000190734863,4.119999885559082,3.9800000190734863,4.090000152587891,4.090000152587891,357400
2011-03-09,4.079999923706055,4.199999809265137,4.059999942779541,4.179999828338623,4.179999828338623,419900
2011-03-10,4.099999904632568,4.179999828338623,4.039999961853027,4.090000152587891,4.090000152587891,460500
2011-03-11,4.059999942779541,4.199999809265137,4.03000020980835,4.159999847412109,4.159999847412109,425800
2011-03-14,4.099999904632568,4.139999866485596,4.0,4.0,4.0,427500
2011-03-15,3.990000009536743,4.0,3.8499999046325684,3.9600000381469727,3.9600000381469727,511000
2011-03-16,3.940000057220459,3.9600000381469727,3.8399999141693115,3.8499999046325684,3.8499999046325684,690300
2011-03-17,3.890000104904175,3.9100000858306885,3.759999990463257,3.759999990463257,3.759999990463257,593900
2011-03-18,3.799999952316284,3.8399999141693115,3.7200000286102295,3.7799999713897705,3.7799999713897705,1148900
2011-03-21,3.819999933242798,3.9200000762939453,3.7899999618530273,3.8299999237060547,3.8299999237060547,488600
2011-03-22,3.819999933242798,3.8399999141693115,3.7300000190734863,3.7300000190734863,3.7300000190734863,393600
2011-03-23,3.7300000190734863,3.7799999713897705,3.7200000286102295,3.759999990463257,3.759999990463257,374900
2011-03-24,3.799999952316284,4.050000190734863,3.799999952316284,4.039999961853027,4.039999961853027,1066600
2011-03-25,4.070000171661377,4.170000076293945,4.0,4.099999904632568,4.099999904632568,606500
2011-03-28,4.130000114440918,4.199999809265137,3.690000057220459,3.9600000381469727,3.9600000381469727,1035300
2011-03-29,3.950000047683716,4.199999809265137,3.9000000953674316,4.119999885559082,4.119999885559082,437000
2011-03-30,4.119999885559082,4.150000095367432,4.03000020980835,4.039999961853027,4.039999961853027,290000
2011-03-31,4.019999980926514,4.099999904632568,4.019999980926514,4.059999942779541,4.059999942779541,170900
2011-04-01,4.090000152587891,4.190000057220459,3.990000009536743,4.03000020980835,4.03000020980835,404700
2011-04-04,4.03000020980835,4.070000171661377,3.9700000286102295,4.059999942779541,4.059999942779541,281900
2011-04-05,4.050000190734863,4.199999809265137,4.019999980926514,4.090000152587891,4.090000152587891,431800
2011-04-06,4.099999904632568,4.179999828338623,4.090000152587891,4.090000152587891,4.090000152587891,166600
2011-04-07,4.050000190734863,4.110000133514404,4.010000228881836,4.019999980926514,4.019999980926514,198400
2011-04-08,4.03000020980835,4.039999961853027,3.859999895095825,3.890000104904175,3.890000104904175,578600
2011-04-11,3.880000114440918,3.9700000286102295,3.880000114440918,3.9000000953674316,3.9000000953674316,241600
2011-04-12,3.869999885559082,3.9200000762939453,3.799999952316284,3.8299999237060547,3.8299999237060547,389600
2011-04-13,3.9000000953674316,3.9000000953674316,3.7899999618530273,3.809999942779541,3.809999942779541,285400
2011-04-14,3.7899999618530273,3.9100000858306885,3.7899999618530273,3.890000104904175,3.890000104904175,364800
2011-04-15,3.880000114440918,3.9200000762939453,3.8399999141693115,3.9000000953674316,3.9000000953674316,194300
2011-04-18,3.8499999046325684,3.869999885559082,3.8399999141693115,3.8499999046325684,3.8499999046325684,295000
2011-04-19,3.9000000953674316,4.059999942779541,3.880000114440918,3.890000104904175,3.890000104904175,631500
2011-04-20,3.9600000381469727,4.099999904632568,3.9600000381469727,4.090000152587891,4.090000152587891,772200
2011-04-21,4.139999866485596,4.239999771118164,3.940000057220459,3.9600000381469727,3.9600000381469727,897400
2011-04-25,4.179999828338623,4.440000057220459,4.139999866485596,4.440000057220459,4.440000057220459,1251800
2011-04-26,4.460000038146973,4.5,4.269999980926514,4.400000095367432,4.400000095367432,1100000
2011-04-27,4.400000095367432,4.46999979019165,4.320000171661377,4.460000038146973,4.460000038146973,580400
2011-04-28,4.400000095367432,4.46999979019165,4.389999866485596,4.449999809265137,4.449999809265137,533100
2011-04-29,4.460000038146973,4.5,4.400000095367432,4.460000038146973,4.460000038146973,408000
2011-05-02,4.46999979019165,4.46999979019165,4.389999866485596,4.420000076293945,4.420000076293945,435200
2011-05-03,4.409999847412109,4.409999847412109,4.289999961853027,4.389999866485596,4.389999866485596,408200
2011-05-04,4.349999904632568,4.409999847412109,4.269999980926514,4.340000152587891,4.340000152587891,462700
2011-05-05,4.329999923706055,4.420000076293945,4.289999961853027,4.389999866485596,4.389999866485596,371600
2011-05-06,4.420000076293945,4.460000038146973,4.349999904632568,4.389999866485596,4.389999866485596,226000
2011-05-09,4.369999885559082,4.539999961853027,4.349999904632568,4.440000057220459,4.440000057220459,540100
2011-05-10,4.480000019073486,4.679999828338623,4.389999866485596,4.599999904632568,4.599999904632568,580400
2011-05-11,4.590000152587891,4.659999847412109,4.480000019073486,4.5,4.5,381800
2011-05-12,4.449999809265137,4.679999828338623,4.429999828338623,4.650000095367432,4.650000095367432,392000
2011-05-13,4.679999828338623,4.679999828338623,4.519999980926514,4.53000020980835,4.53000020980835,293000
2011-05-16,4.5,4.590000152587891,4.449999809265137,4.5,4.5,257500
2011-05-17,4.489999771118164,4.559999942779541,4.360000133514404,4.400000095367432,4.400000095367432,609200
2011-05-18,4.400000095367432,4.550000190734863,4.380000114440918,4.539999961853027,4.539999961853027,382800
2011-05-19,4.559999942779541,4.559999942779541,4.449999809265137,4.510000228881836,4.510000228881836,199900
2011-05-20,4.550000190734863,4.550000190734863,4.460000038146973,4.480000019073486,4.480000019073486,355300
2011-05-23,4.400000095367432,4.570000171661377,4.349999904632568,4.480000019073486,4.480000019073486,383200
2011-05-24,4.489999771118164,4.5,4.380000114440918,4.380000114440918,4.380000114440918,447000
2011-05-25,4.400000095367432,4.539999961853027,4.369999885559082,4.539999961853027,4.539999961853027,396100
2011-05-26,4.489999771118164,4.599999904632568,4.409999847412109,4.599999904632568,4.599999904632568,509600
2011-05-27,4.610000133514404,4.71999979019165,4.599999904632568,4.650000095367432,4.650000095367432,346000
2011-05-31,4.590000152587891,4.639999866485596,4.400000095367432,4.53000020980835,4.53000020980835,822600
2011-06-01,4.53000020980835,4.539999961853027,4.400000095367432,4.460000038146973,4.460000038146973,601200
2011-06-02,4.460000038146973,4.570000171661377,4.460000038146973,4.480000019073486,4.480000019073486,357300
2011-06-03,4.400000095367432,4.489999771118164,4.400000095367432,4.429999828338623,4.429999828338623,317400
2011-06-06,4.429999828338623,4.519999980926514,4.429999828338623,4.460000038146973,4.460000038146973,401600
2011-06-07,4.489999771118164,4.489999771118164,4.409999847412109,4.409999847412109,4.409999847412109,193400
2011-06-08,4.400000095367432,4.409999847412109,4.28000020980835,4.289999961853027,4.289999961853027,547900
2011-06-09,4.289999961853027,4.340000152587891,4.28000020980835,4.300000190734863,4.300000190734863,363500
2011-06-10,4.269999980926514,4.349999904632568,4.260000228881836,4.300000190734863,4.300000190734863,503600
2011-06-13,4.300000190734863,4.360000133514404,4.269999980926514,4.300000190734863,4.300000190734863,437100
2011-06-14,4.389999866485596,4.489999771118164,4.289999961853027,4.349999904632568,4.349999904632568,576000
2011-06-15,4.300000190734863,4.369999885559082,4.230000019073486,4.230000019073486,4.230000019073486,364500
2011-06-16,4.230000019073486,4.320000171661377,4.150000095367432,4.269999980926514,4.269999980926514,356900
2011-06-17,4.289999961853027,4.329999923706055,4.170000076293945,4.239999771118164,4.239999771118164,448400
2011-06-20,4.199999809265137,4.289999961853027,4.199999809265137,4.230000019073486,4.230000019073486,278700
2011-06-21,4.260000228881836,4.320000171661377,4.210000038146973,4.239999771118164,4.239999771118164,412600
2011-06-22,4.21999979019165,4.309999942779541,4.150000095367432,4.28000020980835,4.28000020980835,357500
2011-06-23,4.230000019073486,4.380000114440918,4.170000076293945,4.380000114440918,4.380000114440918,421300
2011-06-24,4.380000114440918,4.380000114440918,4.25,4.260000228881836,4.260000228881836,767100
2011-06-27,4.309999942779541,4.400000095367432,4.239999771118164,4.400000095367432,4.400000095367432,220000
2011-06-28,4.400000095367432,4.53000020980835,4.300000190734863,4.489999771118164,4.489999771118164,321400
2011-06-29,4.449999809265137,4.5,4.440000057220459,4.480000019073486,4.480000019073486,163100
2011-06-30,4.480000019073486,4.550000190734863,4.449999809265137,4.550000190734863,4.550000190734863,249000
2011-07-01,4.550000190734863,4.579999923706055,4.519999980926514,4.570000171661377,4.570000171661377,206200
2011-07-05,4.550000190734863,4.579999923706055,4.460000038146973,4.489999771118164,4.489999771118164,190700
2011-07-06,4.480000019073486,4.53000020980835,4.429999828338623,4.489999771118164,4.489999771118164,184300
2011-07-07,4.510000228881836,4.539999961853027,4.460000038146973,4.519999980926514,4.519999980926514,187600
2011-07-08,4.440000057220459,4.519999980926514,4.409999847412109,4.5,4.5,151700
2011-07-11,4.460000038146973,4.489999771118164,4.409999847412109,4.429999828338623,4.429999828338623,183700
2011-07-12,4.420000076293945,4.489999771118164,4.349999904632568,4.380000114440918,4.380000114440918,174300
2011-07-13,4.400000095367432,4.429999828338623,4.309999942779541,4.349999904632568,4.349999904632568,158000
2011-07-14,4.340000152587891,4.389999866485596,4.25,4.260000228881836,4.260000228881836,173000
2011-07-15,4.269999980926514,4.320000171661377,4.25,4.289999961853027,4.289999961853027,220100
2011-07-18,4.260000228881836,4.260000228881836,4.170000076293945,4.170000076293945,4.170000076293945,235900
2011-07-19,4.21999979019165,4.289999961853027,4.170000076293945,4.269999980926514,4.269999980926514,203100
2011-07-20,4.190000057220459,4.28000020980835,4.139999866485596,4.28000020980835,4.28000020980835,195800
2011-07-21,4.28000020980835,4.320000171661377,4.190000057220459,4.300000190734863,4.300000190734863,230400
2011-07-22,4.269999980926514,4.28000020980835,4.210000038146973,4.210000038146973,4.210000038146973,152000
2011-07-25,4.150000095367432,4.25,4.150000095367432,4.230000019073486,4.230000019073486,200500
2011-07-26,4.199999809265137,4.230000019073486,4.179999828338623,4.210000038146973,4.210000038146973,196200
2011-07-27,4.179999828338623,4.179999828338623,4.079999923706055,4.110000133514404,4.110000133514404,371300
2011-07-28,4.099999904632568,4.170000076293945,4.059999942779541,4.139999866485596,4.139999866485596,367900
2011-07-29,4.099999904632568,4.28000020980835,4.079999923706055,4.110000133514404,4.110000133514404,454700
2011-08-01,4.159999847412109,4.28000020980835,4.130000114440918,4.260000228881836,4.260000228881836,423800
2011-08-02,4.230000019073486,4.340000152587891,4.150000095367432,4.150000095367432,4.150000095367432,333200
2011-08-03,4.170000076293945,4.289999961853027,4.039999961853027,4.269999980926514,4.269999980926514,503500
2011-08-04,4.239999771118164,4.260000228881836,4.099999904632568,4.099999904632568,4.099999904632568,554300
2011-08-05,4.130000114440918,4.159999847412109,3.9800000190734863,4.0,4.0,557700
2011-08-08,3.8499999046325684,4.019999980926514,3.609999895095825,3.619999885559082,3.619999885559082,954400
2011-08-09,3.7200000286102295,3.890000104904175,3.549999952316284,3.890000104904175,3.890000104904175,849000
2011-08-10,3.9000000953674316,3.9000000953674316,3.569999933242798,3.5899999141693115,3.5899999141693115,513400
2011-08-11,3.640000104904175,3.930000066757202,3.5999999046325684,3.8499999046325684,3.8499999046325684,544200
2011-08-12,3.880000114440918,3.9100000858306885,3.7699999809265137,3.890000104904175,3.890000104904175,379900
2011-08-15,3.930000066757202,4.0,3.859999895095825,3.9800000190734863,3.9800000190734863,337200
2011-08-16,3.9200000762939453,4.099999904632568,3.9100000858306885,4.010000228881836,4.010000228881836,375300
2011-08-17,4.019999980926514,4.139999866485596,4.0,4.070000171661377,4.070000171661377,364600
2011-08-18,3.950000047683716,4.050000190734863,3.809999942779541,3.819999933242798,3.819999933242798,631300
2011-08-19,3.7699999809265137,3.9200000762939453,3.7300000190734863,3.7799999713897705,3.7799999713897705,621600
2011-08-22,3.859999895095825,3.940000057220459,3.759999990463257,3.799999952316284,3.799999952316284,331200
2011-08-23,3.809999942779541,4.139999866485596,3.7799999713897705,4.110000133514404,4.110000133514404,517100
2011-08-24,4.090000152587891,4.269999980926514,4.019999980926514,4.260000228881836,4.260000228881836,453300
2011-08-25,4.269999980926514,4.289999961853027,4.119999885559082,4.119999885559082,4.119999885559082,494000
2011-08-26,4.099999904632568,4.340000152587891,4.079999923706055,4.260000228881836,4.260000228881836,360400
2011-08-29,4.340000152587891,4.5,4.269999980926514,4.5,4.5,505700
2011-08-30,4.460000038146973,4.519999980926514,4.420000076293945,4.480000019073486,4.480000019073486,429400
2011-08-31,4.519999980926514,4.599999904632568,4.389999866485596,4.449999809265137,4.449999809265137,591600
2011-09-01,4.440000057220459,4.53000020980835,4.309999942779541,4.329999923706055,4.329999923706055,368400
2011-09-02,4.21999979019165,4.289999961853027,4.199999809265137,4.210000038146973,4.210000038146973,369800
2011-09-06,4.130000114440918,4.340000152587891,4.130000114440918,4.329999923706055,4.329999923706055,441600
2011-09-07,4.409999847412109,4.46999979019165,4.360000133514404,4.449999809265137,4.449999809265137,323300
2011-09-08,4.400000095367432,4.460000038146973,4.349999904632568,4.389999866485596,4.389999866485596,310700
2011-09-09,4.329999923706055,4.380000114440918,4.179999828338623,4.239999771118164,4.239999771118164,372800
2011-09-12,4.159999847412109,4.329999923706055,4.159999847412109,4.320000171661377,4.320000171661377,219100
2011-09-13,4.329999923706055,4.46999979019165,4.329999923706055,4.449999809265137,4.449999809265137,326900
2011-09-14,4.46999979019165,4.539999961853027,4.400000095367432,4.489999771118164,4.489999771118164,468000
2011-09-15,4.489999771118164,4.559999942779541,4.449999809265137,4.539999961853027,4.539999961853027,251100
2011-09-16,4.570000171661377,4.590000152587891,4.349999904632568,4.53000020980835,4.53000020980835,375200
2011-09-19,4.449999809265137,4.579999923706055,4.380000114440918,4.510000228881836,4.510000228881836,232200
2011-09-20,4.53000020980835,4.539999961853027,4.400000095367432,4.400000095367432,4.400000095367432,275200
2011-09-21,4.400000095367432,4.489999771118164,4.21999979019165,4.239999771118164,4.239999771118164,359600
2011-09-22,4.170000076293945,4.320000171661377,4.150000095367432,4.21999979019165,4.21999979019165,589000
2011-09-23,4.210000038146973,4.5,4.199999809265137,4.28000020980835,4.28000020980835,512900
2011-09-26,4.349999904632568,4.46999979019165,4.289999961853027,4.460000038146973,4.460000038146973,379000
2011-09-27,4.53000020980835,4.559999942779541,4.449999809265137,4.510000228881836,4.510000228881836,550100
2011-09-28,4.489999771118164,4.539999961853027,4.329999923706055,4.329999923706055,4.329999923706055,422800
2011-09-29,4.440000057220459,4.5,4.269999980926514,4.420000076293945,4.420000076293945,386600
2011-09-30,4.340000152587891,4.480000019073486,4.309999942779541,4.309999942779541,4.309999942779541,456700
2011-10-03,4.269999980926514,4.449999809265137,4.210000038146973,4.210000038146973,4.210000038146973,460800
2011-10-04,4.170000076293945,4.28000020980835,4.039999961853027,4.260000228881836,4.260000228881836,752000
2011-10-05,4.269999980926514,4.329999923706055,4.190000057220459,4.199999809265137,4.199999809265137,422600
2011-10-06,4.199999809265137,4.449999809265137,4.199999809265137,4.449999809265137,4.449999809265137,365200
2011-10-07,4.46999979019165,4.53000020980835,4.360000133514404,4.429999828338623,4.429999828338623,390600
2011-10-10,4.519999980926514,4.570000171661377,4.440000057220459,4.570000171661377,4.570000171661377,314400
2011-10-11,4.510000228881836,4.650000095367432,4.510000228881836,4.610000133514404,4.610000133514404,437400
2011-10-12,4.639999866485596,4.670000076293945,4.539999961853027,4.599999904632568,4.599999904632568,363200
2011-10-13,4.550000190734863,4.590000152587891,4.519999980926514,4.559999942779541,4.559999942779541,216700
2011-10-14,4.619999885559082,4.75,4.559999942779541,4.619999885559082,4.619999885559082,808400
2011-10-17,4.659999847412109,4.679999828338623,4.489999771118164,4.5,4.5,331800
2011-10-18,4.519999980926514,4.730000019073486,4.46999979019165,4.699999809265137,4.699999809265137,295000
2011-10-19,4.670000076293945,4.699999809265137,4.579999923706055,4.610000133514404,4.610000133514404,202300
2011-10-20,4.610000133514404,4.699999809265137,4.519999980926514,4.659999847412109,4.659999847412109,166900
2011-10-21,4.739999771118164,4.809999942779541,4.679999828338623,4.789999961853027,4.789999961853027,397200
2011-10-24,4.789999961853027,4.929999828338623,4.769999980926514,4.889999866485596,4.889999866485596,375300
2011-10-25,4.829999923706055,4.900000095367432,4.760000228881836,4.840000152587891,4.840000152587891,476100
2011-10-26,4.889999866485596,4.920000076293945,4.769999980926514,4.920000076293945,4.920000076293945,339600
2011-10-27,4.960000038146973,5.019999980926514,4.920000076293945,5.019999980926514,5.019999980926514,797800
2011-10-28,4.989999771118164,5.0,4.829999923706055,4.840000152587891,4.840000152587891,493400
2011-10-31,4.849999904632568,5.039999961853027,4.840000152587891,4.96999979019165,4.96999979019165,692600
2011-11-01,4.860000133514404,5.039999961853027,4.860000133514404,4.949999809265137,4.949999809265137,546300
2011-11-02,5.019999980926514,5.190000057220459,5.010000228881836,5.179999828338623,5.179999828338623,674100
2011-11-03,5.199999809265137,5.489999771118164,5.130000114440918,5.46999979019165,5.46999979019165,758800
2011-11-04,5.400000095367432,5.5,5.300000190734863,5.440000057220459,5.440000057220459,459100
2011-11-07,5.380000114440918,5.550000190734863,5.300000190734863,5.510000228881836,5.510000228881836,315200
2011-11-08,5.550000190734863,5.650000095367432,5.429999828338623,5.599999904632568,5.599999904632568,414800
2011-11-09,5.449999809265137,5.5,5.380000114440918,5.420000076293945,5.420000076293945,484000
2011-11-10,5.460000038146973,5.53000020980835,5.400000095367432,5.449999809265137,5.449999809265137,335500
2011-11-11,5.510000228881836,5.559999942779541,5.409999847412109,5.550000190734863,5.550000190734863,405500
2011-11-14,5.570000171661377,5.869999885559082,5.559999942779541,5.730000019073486,5.730000019073486,735900
2011-11-15,5.659999847412109,5.829999923706055,5.619999885559082,5.800000190734863,5.800000190734863,261000
2011-11-16,5.760000228881836,5.849999904632568,5.699999809265137,5.710000038146973,5.710000038146973,299200
2011-11-17,5.710000038146973,5.860000133514404,5.699999809265137,5.760000228881836,5.760000228881836,639700
2011-11-18,5.78000020980835,5.889999866485596,5.71999979019165,5.849999904632568,5.849999904632568,491900
2011-11-21,5.739999771118164,5.909999847412109,5.679999828338623,5.869999885559082,5.869999885559082,417700
2011-11-22,5.869999885559082,6.110000133514404,5.869999885559082,5.96999979019165,5.96999979019165,809400
2011-11-23,5.940000057220459,5.960000038146973,5.650000095367432,5.659999847412109,5.659999847412109,560800
2011-11-25,5.639999866485596,5.800000190734863,5.539999961853027,5.570000171661377,5.570000171661377,223900
2011-11-28,5.760000228881836,5.949999809265137,5.599999904632568,5.889999866485596,5.889999866485596,672500
2011-11-29,5.869999885559082,5.949999809265137,5.820000171661377,5.829999923706055,5.829999923706055,368100
2011-11-30,6.0,6.079999923706055,5.96999979019165,6.019999980926514,6.019999980926514,836000
2011-12-01,5.989999771118164,6.21999979019165,5.860000133514404,6.139999866485596,6.139999866485596,574400
2011-12-02,6.159999847412109,6.269999980926514,6.079999923706055,6.110000133514404,6.110000133514404,418500
2011-12-05,6.230000019073486,6.230000019073486,6.090000152587891,6.150000095367432,6.150000095367432,361400
2011-12-06,6.179999828338623,6.489999771118164,6.079999923706055,6.380000114440918,6.380000114440918,710500
2011-12-07,6.340000152587891,6.440000057220459,6.300000190734863,6.360000133514404,6.360000133514404,423000
2011-12-08,6.300000190734863,6.329999923706055,6.210000038146973,6.21999979019165,6.21999979019165,471200
2011-12-09,6.230000019073486,6.389999866485596,6.230000019073486,6.329999923706055,6.329999923706055,482000
2011-12-12,6.239999771118164,6.28000020980835,6.099999904632568,6.139999866485596,6.139999866485596,411800
2011-12-13,6.170000076293945,6.210000038146973,5.760000228881836,5.789999961853027,5.789999961853027,791500
2011-12-14,5.739999771118164,5.849999904632568,5.619999885559082,5.739999771118164,5.739999771118164,756400
2011-12-15,5.820000171661377,5.829999923706055,5.659999847412109,5.679999828338623,5.679999828338623,519000
2011-12-16,5.75,5.800000190734863,5.610000133514404,5.659999847412109,5.659999847412109,990600
2011-12-19,5.699999809265137,5.949999809265137,5.5,5.519999980926514,5.519999980926514,510300
2011-12-20,5.650000095367432,5.800000190734863,5.610000133514404,5.699999809265137,5.699999809265137,511700
2011-12-21,5.679999828338623,5.75,5.519999980926514,5.699999809265137,5.699999809265137,467500
2011-12-22,5.730000019073486,5.75,5.570000171661377,5.590000152587891,5.590000152587891,271500
2011-12-23,5.590000152587891,5.630000114440918,5.380000114440918,5.389999866485596,5.389999866485596,462800
2011-12-27,5.369999885559082,5.440000057220459,5.269999980926514,5.400000095367432,5.400000095367432,663700
2011-12-28,5.400000095367432,5.480000019073486,5.340000152587891,5.389999866485596,5.389999866485596,297500
2011-12-29,5.409999847412109,5.46999979019165,5.309999942779541,5.380000114440918,5.380000114440918,260500
2011-12-30,5.360000133514404,5.380000114440918,5.110000133514404,5.119999885559082,5.119999885559082,680200
2012-01-03,5.239999771118164,5.340000152587891,5.230000019073486,5.300000190734863,5.300000190734863,590300
2012-01-04,5.269999980926514,5.329999923706055,5.150000095367432,5.150000095367432,5.150000095367432,241200
2012-01-05,5.130000114440918,5.190000057220459,4.949999809265137,5.150000095367432,5.150000095367432,573200
2012-01-06,5.150000095367432,5.199999809265137,5.070000171661377,5.119999885559082,5.119999885559082,234000
2012-01-09,5.139999866485596,5.170000076293945,5.099999904632568,5.150000095367432,5.150000095367432,245700
2012-01-10,5.210000038146973,5.269999980926514,5.119999885559082,5.210000038146973,5.210000038146973,355500
2012-01-11,5.170000076293945,5.199999809265137,5.079999923706055,5.159999847412109,5.159999847412109,271500
2012-01-12,5.159999847412109,5.230000019073486,5.110000133514404,5.21999979019165,5.21999979019165,150800
2012-01-13,5.159999847412109,5.179999828338623,5.079999923706055,5.159999847412109,5.159999847412109,274500
2012-01-17,5.130000114440918,5.320000171661377,5.070000171661377,5.079999923706055,5.079999923706055,454900
2012-01-18,5.130000114440918,5.289999961853027,5.130000114440918,5.260000228881836,5.260000228881836,315600
2012-01-19,5.269999980926514,5.309999942779541,5.070000171661377,5.110000133514404,5.110000133514404,298400
2012-01-20,5.099999904632568,5.110000133514404,4.889999866485596,4.920000076293945,4.920000076293945,485600
2012-01-23,4.920000076293945,4.980000019073486,4.860000133514404,4.909999847412109,4.909999847412109,213300
2012-01-24,4.889999866485596,4.889999866485596,4.800000190734863,4.860000133514404,4.860000133514404,338900
2012-01-25,4.840000152587891,4.840000152587891,4.800000190734863,4.829999923706055,4.829999923706055,391400
2012-01-26,4.840000152587891,4.840000152587891,4.639999866485596,4.699999809265137,4.699999809265137,713500
2012-01-27,4.659999847412109,4.730000019073486,4.599999904632568,4.699999809265137,4.699999809265137,421400
2012-01-30,4.670000076293945,4.789999961853027,4.650000095367432,4.670000076293945,4.670000076293945,348500
2012-01-31,4.699999809265137,4.769999980926514,4.639999866485596,4.760000228881836,4.760000228881836,229500
2012-02-01,4.78000020980835,4.960000038146973,4.760000228881836,4.949999809265137,4.949999809265137,431400
2012-02-02,4.96999979019165,5.050000190734863,4.860000133514404,4.909999847412109,4.909999847412109,355100
2012-02-03,4.96999979019165,5.010000228881836,4.869999885559082,4.980000019073486,4.980000019073486,421500
2012-02-06,4.940000057220459,4.96999979019165,4.800000190734863,4.909999847412109,4.909999847412109,189500
2012-02-07,4.889999866485596,4.949999809265137,4.800000190734863,4.809999942779541,4.809999942779541,180100
2012-02-08,4.849999904632568,4.900000095367432,4.760000228881836,4.889999866485596,4.889999866485596,165500
2012-02-09,4.909999847412109,4.940000057220459,4.860000133514404,4.920000076293945,4.920000076293945,140300
2012-02-10,4.860000133514404,4.920000076293945,4.800000190734863,4.800000190734863,4.800000190734863,151100
2012-02-13,4.840000152587891,4.869999885559082,4.710000038146973,4.760000228881836,4.760000228881836,241900
2012-02-14,4.75,4.769999980926514,4.539999961853027,4.570000171661377,4.570000171661377,412000
2012-02-15,4.570000171661377,4.579999923706055,4.440000057220459,4.449999809265137,4.449999809265137,472600
2012-02-16,4.449999809265137,4.449999809265137,4.230000019073486,4.260000228881836,4.260000228881836,733800
2012-02-17,4.269999980926514,4.5,4.21999979019165,4.489999771118164,4.489999771118164,611900
2012-02-21,4.539999961853027,4.599999904632568,4.420000076293945,4.440000057220459,4.440000057220459,312300
2012-02-22,4.480000019073486,4.559999942779541,4.420000076293945,4.5,4.5,502400
2012-02-23,4.400000095367432,4.489999771118164,4.050000190734863,4.210000038146973,4.210000038146973,1170500
2012-02-24,4.159999847412109,4.320000171661377,4.139999866485596,4.170000076293945,4.170000076293945,579600
2012-02-27,4.150000095367432,4.159999847412109,3.990000009536743,4.050000190734863,4.050000190734863,705600
2012-02-28,4.050000190734863,4.210000038146973,4.050000190734863,4.170000076293945,4.170000076293945,437100
2012-02-29,4.199999809265137,4.21999979019165,4.03000020980835,4.03000020980835,4.03000020980835,824300
2012-03-01,4.170000076293945,4.349999904632568,4.119999885559082,4.21999979019165,4.21999979019165,1115300
2012-03-02,4.21999979019165,4.269999980926514,4.050000190734863,4.050000190734863,4.050000190734863,618800
2012-03-05,4.070000171661377,4.090000152587891,4.010000228881836,4.039999961853027,4.039999961853027,330500
2012-03-06,4.039999961853027,4.070000171661377,3.9800000190734863,3.990000009536743,3.990000009536743,376500
2012-03-07,4.019999980926514,4.039999961853027,3.9800000190734863,3.990000009536743,3.990000009536743,309100
2012-03-08,4.03000020980835,4.050000190734863,3.990000009536743,4.010000228881836,4.010000228881836,178600
2012-03-09,4.070000171661377,4.119999885559082,4.03000020980835,4.050000190734863,4.050000190734863,440400
2012-03-12,4.039999961853027,4.099999904632568,4.019999980926514,4.059999942779541,4.059999942779541,272400
2012-03-13,4.090000152587891,4.139999866485596,4.050000190734863,4.119999885559082,4.119999885559082,298800
2012-03-14,4.110000133514404,4.139999866485596,4.010000228881836,4.039999961853027,4.039999961853027,345900
2012-03-15,4.03000020980835,4.079999923706055,4.0,4.070000171661377,4.070000171661377,195100
2012-03-16,4.079999923706055,4.099999904632568,4.0,4.050000190734863,4.050000190734863,368800
2012-03-19,4.039999961853027,4.090000152587891,4.019999980926514,4.050000190734863,4.050000190734863,284600
2012-03-20,4.010000228881836,4.079999923706055,3.9800000190734863,3.9800000190734863,3.9800000190734863,334600
2012-03-21,4.070000171661377,4.25,4.03000020980835,4.190000057220459,4.190000057220459,1030500
2012-03-22,4.21999979019165,4.590000152587891,4.190000057220459,4.559999942779541,4.559999942779541,1929400
2012-03-23,4.559999942779541,4.559999942779541,4.28000020980835,4.340000152587891,4.340000152587891,684800
2012-03-26,4.380000114440918,4.5,4.349999904632568,4.409999847412109,4.409999847412109,432600
2012-03-27,4.429999828338623,4.650000095367432,4.420000076293945,4.599999904632568,4.599999904632568,851700
2012-03-28,4.599999904632568,4.650000095367432,4.340000152587891,4.400000095367432,4.400000095367432,629700
2012-03-29,4.360000133514404,4.440000057220459,4.28000020980835,4.340000152587891,4.340000152587891,320400
2012-03-30,4.380000114440918,4.46999979019165,4.340000152587891,4.340000152587891,4.340000152587891,305100
2012-04-02,4.349999904632568,4.409999847412109,4.289999961853027,4.340000152587891,4.340000152587891,250000
2012-04-03,4.340000152587891,4.429999828338623,4.300000190734863,4.309999942779541,4.309999942779541,357900
2012-04-04,4.260000228881836,4.28000020980835,4.159999847412109,4.179999828338623,4.179999828338623,324800
2012-04-05,4.150000095367432,4.199999809265137,4.039999961853027,4.090000152587891,4.090000152587891,328900
2012-04-09,4.03000020980835,4.099999904632568,3.9600000381469727,3.9600000381469727,3.9600000381469727,514900
2012-04-10,3.9700000286102295,4.079999923706055,3.9600000381469727,4.070000171661377,4.070000171661377,461400
2012-04-11,4.110000133514404,4.139999866485596,4.079999923706055,4.119999885559082,4.119999885559082,319800
2012-04-12,4.130000114440918,4.21999979019165,4.099999904632568,4.199999809265137,4.199999809265137,237300
2012-04-13,4.199999809265137,4.199999809265137,4.059999942779541,4.090000152587891,4.090000152587891,607700
2012-04-16,4.090000152587891,4.150000095367432,4.050000190734863,4.090000152587891,4.090000152587891,163300
2012-04-17,4.119999885559082,4.269999980926514,4.119999885559082,4.21999979019165,4.21999979019165,233400
2012-04-18,4.190000057220459,4.210000038146973,4.119999885559082,4.150000095367432,4.150000095367432,177800
2012-04-19,4.170000076293945,4.190000057220459,4.070000171661377,4.130000114440918,4.130000114440918,178600
2012-04-20,4.170000076293945,4.199999809265137,4.039999961853027,4.079999923706055,4.079999923706055,244200
2012-04-23,4.019999980926514,4.050000190734863,4.0,4.010000228881836,4.010000228881836,230600
2012-04-24,4.019999980926514,4.110000133514404,4.0,4.110000133514404,4.110000133514404,181400
2012-04-25,4.119999885559082,4.199999809265137,4.110000133514404,4.159999847412109,4.159999847412109,290400
2012-04-26,4.449999809265137,4.579999923706055,4.289999961853027,4.329999923706055,4.329999923706055,1071500
2012-04-27,4.539999961853027,4.550000190734863,4.429999828338623,4.449999809265137,4.449999809265137,737400
2012-04-30,4.599999904632568,4.650000095367432,4.519999980926514,4.599999904632568,4.599999904632568,1253800
2012-05-01,4.610000133514404,4.699999809265137,4.519999980926514,4.639999866485596,4.639999866485596,934300
2012-05-02,4.679999828338623,4.940000057220459,4.599999904632568,4.900000095367432,4.900000095367432,1258900
2012-05-03,4.929999828338623,4.960000038146973,4.769999980926514,4.920000076293945,4.920000076293945,573700
2012-05-04,4.889999866485596,4.920000076293945,4.75,4.760000228881836,4.760000228881836,531700
2012-05-07,4.739999771118164,4.860000133514404,4.670000076293945,4.829999923706055,4.829999923706055,413000
2012-05-08,4.78000020980835,5.059999942779541,4.730000019073486,5.050000190734863,5.050000190734863,977300
2012-05-09,4.960000038146973,5.059999942779541,4.760000228881836,5.039999961853027,5.039999961853027,540300
2012-05-10,5.059999942779541,5.25,4.980000019073486,5.239999771118164,5.239999771118164,649000
2012-05-11,5.170000076293945,5.340000152587891,5.110000133514404,5.199999809265137,5.199999809265137,569200
2012-05-14,5.130000114440918,5.289999961853027,4.949999809265137,5.199999809265137,5.199999809265137,489500
2012-05-15,5.190000057220459,5.269999980926514,5.150000095367432,5.159999847412109,5.159999847412109,411300
2012-05-16,5.159999847412109,5.269999980926514,5.130000114440918,5.159999847412109,5.159999847412109,386200
2012-05-17,5.179999828338623,5.320000171661377,5.039999961853027,5.050000190734863,5.050000190734863,794300
2012-05-18,5.079999923706055,5.199999809265137,5.070000171661377,5.130000114440918,5.130000114440918,473100
2012-05-21,5.150000095367432,5.389999866485596,5.090000152587891,5.320000171661377,5.320000171661377,658300
2012-05-22,5.340000152587891,5.400000095367432,5.260000228881836,5.269999980926514,5.269999980926514,547100
2012-05-23,5.260000228881836,5.409999847412109,5.260000228881836,5.400000095367432,5.400000095367432,526000
2012-05-24,5.420000076293945,5.510000228881836,5.309999942779541,5.400000095367432,5.400000095367432,577200
2012-05-25,5.389999866485596,5.539999961853027,5.360000133514404,5.460000038146973,5.460000038146973,493300
2012-05-29,5.480000019073486,5.550000190734863,5.360000133514404,5.460000038146973,5.460000038146973,712600
2012-05-30,5.400000095367432,5.429999828338623,5.320000171661377,5.320000171661377,5.320000171661377,332900
2012-05-31,5.309999942779541,5.460000038146973,5.230000019073486,5.380000114440918,5.380000114440918,418900
2012-06-01,5.269999980926514,5.349999904632568,5.21999979019165,5.25,5.25,544500
2012-06-04,5.269999980926514,5.309999942779541,5.159999847412109,5.190000057220459,5.190000057220459,322000
2012-06-05,5.190000057220459,5.230000019073486,5.059999942779541,5.159999847412109,5.159999847412109,327400
2012-06-06,5.179999828338623,5.340000152587891,5.179999828338623,5.320000171661377,5.320000171661377,423500
2012-06-07,5.429999828338623,5.429999828338623,5.210000038146973,5.21999979019165,5.21999979019165,280400
2012-06-08,5.199999809265137,5.309999942779541,5.190000057220459,5.25,5.25,492800
2012-06-11,5.300000190734863,5.369999885559082,5.25,5.269999980926514,5.269999980926514,459900
2012-06-12,5.289999961853027,5.340000152587891,5.190000057220459,5.320000171661377,5.320000171661377,615400
2012-06-13,5.309999942779541,5.320000171661377,5.179999828338623,5.199999809265137,5.199999809265137,843600
2012-06-14,5.190000057220459,5.28000020980835,5.090000152587891,5.170000076293945,5.170000076293945,435200
2012-06-15,5.170000076293945,5.199999809265137,5.059999942779541,5.070000171661377,5.070000171661377,416400
2012-06-18,5.159999847412109,5.389999866485596,5.150000095367432,5.369999885559082,5.369999885559082,457800
2012-06-19,5.400000095367432,5.579999923706055,5.369999885559082,5.440000057220459,5.440000057220459,391100
2012-06-20,5.46999979019165,5.510000228881836,5.409999847412109,5.429999828338623,5.429999828338623,415500
2012-06-21,5.409999847412109,5.449999809265137,5.269999980926514,5.289999961853027,5.289999961853027,289900
2012-06-22,5.309999942779541,5.340000152587891,5.21999979019165,5.289999961853027,5.289999961853027,345300
2012-06-25,5.199999809265137,5.25,5.150000095367432,5.210000038146973,5.210000038146973,234000
2012-06-26,5.269999980926514,5.510000228881836,5.230000019073486,5.400000095367432,5.400000095367432,423700
2012-06-27,5.380000114440918,5.389999866485596,5.159999847412109,5.199999809265137,5.199999809265137,403600
2012-06-28,5.170000076293945,5.210000038146973,4.949999809265137,4.989999771118164,4.989999771118164,363200
2012-06-29,5.099999904632568,5.320000171661377,5.010000228881836,5.239999771118164,5.239999771118164,464800
2012-07-02,5.210000038146973,5.289999961853027,5.110000133514404,5.289999961853027,5.289999961853027,267700
2012-07-03,5.199999809265137,5.320000171661377,5.199999809265137,5.320000171661377,5.320000171661377,109000
2012-07-05,5.289999961853027,5.340000152587891,5.21999979019165,5.329999923706055,5.329999923706055,147800
2012-07-06,5.25,5.289999961853027,5.170000076293945,5.230000019073486,5.230000019073486,164000
2012-07-09,5.21999979019165,5.400000095367432,5.139999866485596,5.340000152587891,5.340000152587891,200300
2012-07-10,5.349999904632568,5.389999866485596,5.150000095367432,5.159999847412109,5.159999847412109,161700
2012-07-11,5.179999828338623,5.239999771118164,5.0,5.03000020980835,5.03000020980835,239300
2012-07-12,4.989999771118164,5.090000152587891,4.849999904632568,5.059999942779541,5.059999942779541,236000
2012-07-13,5.059999942779541,5.190000057220459,5.0,5.130000114440918,5.130000114440918,143700
2012-07-16,5.079999923706055,5.21999979019165,5.070000171661377,5.199999809265137,5.199999809265137,179800
2012-07-17,5.210000038146973,5.230000019073486,5.059999942779541,5.230000019073486,5.230000019073486,139400
2012-07-18,5.199999809265137,5.309999942779541,4.949999809265137,5.010000228881836,5.010000228881836,307500
2012-07-19,5.019999980926514,5.059999942779541,4.849999904632568,4.860000133514404,4.860000133514404,248600
2012-07-20,4.820000171661377,4.869999885559082,4.75,4.840000152587891,4.840000152587891,306400
2012-07-23,4.75,4.769999980926514,4.619999885559082,4.679999828338623,4.679999828338623,293200
2012-07-24,4.699999809265137,4.75,4.599999904632568,4.75,4.75,502900
2012-07-25,4.789999961853027,4.929999828338623,4.760000228881836,4.869999885559082,4.869999885559082,294700
2012-07-26,5.210000038146973,5.400000095367432,5.159999847412109,5.300000190734863,5.300000190734863,1151800
2012-07-27,5.349999904632568,5.489999771118164,5.230000019073486,5.380000114440918,5.380000114440918,606800
2012-07-30,5.400000095367432,5.5,5.389999866485596,5.449999809265137,5.449999809265137,778600
2012-07-31,5.420000076293945,5.489999771118164,5.389999866485596,5.409999847412109,5.409999847412109,692600
2012-08-01,5.440000057220459,5.480000019073486,5.300000190734863,5.340000152587891,5.340000152587891,497100
2012-08-02,5.300000190734863,5.590000152587891,5.260000228881836,5.5,5.5,1163000
2012-08-03,5.599999904632568,5.630000114440918,5.480000019073486,5.489999771118164,5.489999771118164,653700
2012-08-06,5.510000228881836,5.599999904632568,5.480000019073486,5.550000190734863,5.550000190734863,936400
2012-08-07,5.579999923706055,5.690000057220459,5.53000020980835,5.610000133514404,5.610000133514404,1098200
2012-08-08,5.599999904632568,5.670000076293945,5.53000020980835,5.650000095367432,5.650000095367432,818400
2012-08-09,5.639999866485596,5.699999809265137,5.599999904632568,5.690000057220459,5.690000057220459,295000
2012-08-10,5.670000076293945,5.699999809265137,5.579999923706055,5.590000152587891,5.590000152587891,285500
2012-08-13,5.559999942779541,5.590000152587891,5.389999866485596,5.550000190734863,5.550000190734863,312700
2012-08-14,5.559999942779541,5.619999885559082,5.400000095367432,5.449999809265137,5.449999809265137,419800
2012-08-15,5.53000020980835,5.570000171661377,5.460000038146973,5.5,5.5,435800
2012-08-16,5.510000228881836,5.590000152587891,5.489999771118164,5.539999961853027,5.539999961853027,510900
2012-08-17,5.53000020980835,5.570000171661377,5.420000076293945,5.460000038146973,5.460000038146973,307800
2012-08-20,5.429999828338623,5.559999942779541,5.389999866485596,5.550000190734863,5.550000190734863,352200
2012-08-21,5.550000190734863,5.590000152587891,5.5,5.510000228881836,5.510000228881836,438300
2012-08-22,5.5,5.510000228881836,5.369999885559082,5.420000076293945,5.420000076293945,262000
2012-08-23,5.429999828338623,5.440000057220459,5.25,5.389999866485596,5.389999866485596,367500
2012-08-24,5.360000133514404,5.409999847412109,5.269999980926514,5.289999961853027,5.289999961853027,215900
2012-08-27,5.289999961853027,5.519999980926514,5.289999961853027,5.449999809265137,5.449999809265137,439000
2012-08-28,5.440000057220459,5.570000171661377,5.400000095367432,5.550000190734863,5.550000190734863,375700
2012-08-29,5.53000020980835,5.590000152587891,5.489999771118164,5.559999942779541,5.559999942779541,373400
2012-08-30,5.46999979019165,5.550000190734863,5.449999809265137,5.5,5.5,394900
2012-08-31,5.539999961853027,5.539999961853027,5.340000152587891,5.349999904632568,5.349999904632568,459200
2012-09-04,5.349999904632568,5.429999828338623,5.320000171661377,5.420000076293945,5.420000076293945,322500
2012-09-05,5.400000095367432,5.46999979019165,5.349999904632568,5.349999904632568,5.349999904632568,395900
2012-09-06,5.400000095367432,5.53000020980835,5.389999866485596,5.420000076293945,5.420000076293945,415500
2012-09-07,5.46999979019165,5.510000228881836,5.409999847412109,5.5,5.5,238200
2012-09-10,5.449999809265137,5.510000228881836,5.159999847412109,5.170000076293945,5.170000076293945,672300
2012-09-11,5.230000019073486,5.480000019073486,5.230000019073486,5.46999979019165,5.46999979019165,465300
2012-09-12,5.46999979019165,5.550000190734863,5.389999866485596,5.449999809265137,5.449999809265137,652800
2012-09-13,5.429999828338623,5.480000019073486,5.320000171661377,5.420000076293945,5.420000076293945,485800
2012-09-14,5.420000076293945,5.769999980926514,5.409999847412109,5.75,5.75,1040100
2012-09-17,5.699999809265137,6.119999885559082,5.659999847412109,5.989999771118164,5.989999771118164,1345300
2012-09-18,6.289999961853027,6.400000095367432,5.900000095367432,5.96999979019165,5.96999979019165,1843400
2012-09-19,5.989999771118164,5.989999771118164,5.75,5.769999980926514,5.769999980926514,720500
2012-09-20,5.75,5.809999942779541,5.670000076293945,5.78000020980835,5.78000020980835,369500
2012-09-21,5.840000152587891,5.849999904632568,5.659999847412109,5.679999828338623,5.679999828338623,764300
2012-09-24,5.610000133514404,5.710000038146973,5.570000171661377,5.610000133514404,5.610000133514404,351900
2012-09-25,5.630000114440918,5.900000095367432,5.610000133514404,5.840000152587891,5.840000152587891,739100
2012-09-26,5.820000171661377,5.929999828338623,5.730000019073486,5.880000114440918,5.880000114440918,446300
2012-09-27,5.920000076293945,6.070000171661377,5.889999866485596,6.039999961853027,6.039999961853027,534600
2012-09-28,6.010000228881836,6.110000133514404,5.940000057220459,6.039999961853027,6.039999961853027,412700
2012-10-01,6.010000228881836,6.150000095367432,6.010000228881836,6.150000095367432,6.150000095367432,329900
2012-10-02,6.21999979019165,6.21999979019165,5.940000057220459,6.050000190734863,6.050000190734863,731600
2012-10-03,6.059999942779541,6.059999942779541,5.809999942779541,5.909999847412109,5.909999847412109,981700
2012-10-04,5.900000095367432,6.0,5.880000114440918,5.989999771118164,5.989999771118164,252200
2012-10-05,5.96999979019165,6.0,5.849999904632568,5.960000038146973,5.960000038146973,455300
2012-10-08,5.900000095367432,6.019999980926514,5.880000114440918,5.96999979019165,5.96999979019165,435900
2012-10-09,6.0,6.079999923706055,5.829999923706055,5.849999904632568,5.849999904632568,659800
2012-10-10,5.840000152587891,6.010000228881836,5.75,5.949999809265137,5.949999809265137,450200
2012-10-11,6.0,6.0,5.880000114440918,5.920000076293945,5.920000076293945,254900
2012-10-12,5.909999847412109,6.0,5.869999885559082,5.989999771118164,5.989999771118164,236200
2012-10-15,5.980000019073486,6.099999904632568,5.900000095367432,6.090000152587891,6.090000152587891,304600
2012-10-16,6.099999904632568,6.239999771118164,6.079999923706055,6.210000038146973,6.210000038146973,451500
2012-10-17,6.199999809265137,6.480000019073486,6.199999809265137,6.400000095367432,6.400000095367432,636900
2012-10-18,6.380000114440918,6.46999979019165,6.269999980926514,6.429999828338623,6.429999828338623,513800
2012-10-19,6.369999885559082,6.449999809265137,6.269999980926514,6.380000114440918,6.380000114440918,466400
2012-10-22,6.380000114440918,6.539999961853027,6.300000190734863,6.420000076293945,6.420000076293945,690900
2012-10-23,6.380000114440918,6.519999980926514,6.309999942779541,6.519999980926514,6.519999980926514,571200
2012-10-24,6.519999980926514,6.650000095367432,6.460000038146973,6.510000228881836,6.510000228881836,496200
2012-10-25,6.539999961853027,6.539999961853027,6.380000114440918,6.389999866485596,6.389999866485596,616100
2012-10-26,6.829999923706055,8.449999809265137,6.829999923706055,8.069999694824219,8.069999694824219,6125000
2012-10-31,8.0,8.149999618530273,7.760000228881836,7.809999942779541,7.809999942779541,1610700
2012-11-01,7.800000190734863,8.149999618530273,7.800000190734863,8.0600004196167,8.0600004196167,931700
2012-11-02,8.050000190734863,8.100000381469727,7.869999885559082,7.920000076293945,7.920000076293945,586800
2012-11-05,7.900000095367432,8.210000038146973,7.639999866485596,8.140000343322754,8.140000343322754,881300
2012-11-06,8.149999618530273,8.40999984741211,7.96999979019165,8.239999771118164,8.239999771118164,771600
2012-11-07,8.140000343322754,8.239999771118164,7.809999942779541,8.15999984741211,8.15999984741211,650000
2012-11-08,8.15999984741211,8.25,7.96999979019165,8.09000015258789,8.09000015258789,435700
2012-11-09,8.020000457763672,8.220000267028809,8.010000228881836,8.039999961853027,8.039999961853027,440800
2012-11-12,8.029999732971191,8.0600004196167,7.869999885559082,7.949999809265137,7.949999809265137,351600
2012-11-13,7.909999847412109,8.050000190734863,7.829999923706055,7.960000038146973,7.960000038146973,470400
2012-11-14,8.0,8.069999694824219,7.800000190734863,7.880000114440918,7.880000114440918,586100
2012-11-15,7.860000133514404,7.940000057220459,7.550000190734863,7.679999828338623,7.679999828338623,657100
2012-11-16,7.630000114440918,7.75,7.5,7.699999809265137,7.699999809265137,482900
2012-11-19,7.760000228881836,8.15999984741211,7.690000057220459,8.109999656677246,8.109999656677246,542600
2012-11-20,8.0600004196167,8.180000305175781,7.960000038146973,8.069999694824219,8.069999694824219,315100
2012-11-21,8.050000190734863,8.25,8.010000228881836,8.130000114440918,8.130000114440918,303300
2012-11-23,8.140000343322754,8.199999809265137,8.010000228881836,8.069999694824219,8.069999694824219,135900
2012-11-26,8.039999961853027,8.579999923706055,7.889999866485596,8.539999961853027,8.539999961853027,926600
2012-11-27,8.489999771118164,8.989999771118164,8.4399995803833,8.720000267028809,8.720000267028809,1353900
2012-11-28,8.609999656677246,9.260000228881836,8.449999809265137,9.020000457763672,9.020000457763672,1263100
2012-11-29,8.630000114440918,8.670000076293945,8.149999618530273,8.279999732971191,8.279999732971191,1706300
2012-11-30,8.270000457763672,8.479999542236328,8.199999809265137,8.260000228881836,8.260000228881836,694000
2012-12-03,8.289999961853027,8.300000190734863,7.710000038146973,8.119999885559082,8.119999885559082,846500
2012-12-04,8.100000381469727,8.329999923706055,8.0,8.300000190734863,8.300000190734863,522300
2012-12-05,8.319999694824219,8.350000381469727,8.010000228881836,8.149999618530273,8.149999618530273,444000
2012-12-06,8.300000190734863,8.359999656677246,8.079999923706055,8.239999771118164,8.239999771118164,319200
2012-12-07,8.260000228881836,8.289999961853027,8.119999885559082,8.270000457763672,8.270000457763672,334800
2012-12-10,8.140000343322754,8.350000381469727,8.140000343322754,8.199999809265137,8.199999809265137,307400
2012-12-11,8.1899995803833,8.279999732971191,8.140000343322754,8.220000267028809,8.220000267028809,415000
2012-12-12,8.260000228881836,8.289999961853027,7.940000057220459,7.940000057220459,7.940000057220459,866800
2012-12-13,7.960000038146973,8.020000457763672,7.510000228881836,7.690000057220459,7.690000057220459,1001700
2012-12-14,7.650000095367432,7.739999771118164,7.550000190734863,7.650000095367432,7.650000095367432,614900
2012-12-17,7.670000076293945,7.980000019073486,7.610000133514404,7.650000095367432,7.650000095367432,1364900
2012-12-18,7.840000152587891,8.460000038146973,7.699999809265137,8.460000038146973,8.460000038146973,1582100
2012-12-19,8.430000305175781,8.520000457763672,8.140000343322754,8.149999618530273,8.149999618530273,1179800
2012-12-20,8.390000343322754,8.869999885559082,8.199999809265137,8.75,8.75,1542100
2012-12-21,8.5600004196167,9.119999885559082,8.34000015258789,8.6899995803833,8.6899995803833,2079800
2012-12-24,8.770000457763672,8.90999984741211,8.670000076293945,8.760000228881836,8.760000228881836,348600
2012-12-26,8.800000190734863,8.880000114440918,8.579999923706055,8.630000114440918,8.630000114440918,553000
2012-12-27,8.630000114440918,8.710000038146973,8.390000343322754,8.649999618530273,8.649999618530273,683000
2012-12-28,8.600000381469727,8.899999618530273,8.579999923706055,8.630000114440918,8.630000114440918,657000
2012-12-31,8.630000114440918,9.020000457763672,8.510000228881836,8.9399995803833,8.9399995803833,1009700
2013-01-02,9.100000381469727,9.140000343322754,8.680000305175781,8.9399995803833,8.9399995803833,915300
2013-01-03,9.539999961853027,9.800000190734863,9.130000114440918,9.220000267028809,9.220000267028809,2108000
2013-01-04,9.34000015258789,9.430000305175781,9.100000381469727,9.239999771118164,9.239999771118164,731400
2013-01-07,9.239999771118164,9.300000190734863,8.859999656677246,9.0,9.0,638800
2013-01-08,8.979999542236328,9.220000267028809,8.979999542236328,9.140000343322754,9.140000343322754,507700
2013-01-09,9.140000343322754,9.5600004196167,9.140000343322754,9.4399995803833,9.4399995803833,1012500
2013-01-10,9.470000267028809,9.569999694824219,9.220000267028809,9.34000015258789,9.34000015258789,1021700
2013-01-11,9.359999656677246,9.449999809265137,9.220000267028809,9.359999656677246,9.359999656677246,570600
2013-01-14,9.40999984741211,9.489999771118164,9.199999809265137,9.220000267028809,9.220000267028809,600900
2013-01-15,9.210000038146973,9.40999984741211,9.100000381469727,9.390000343322754,9.390000343322754,520900
2013-01-16,9.350000381469727,9.380000114440918,9.170000076293945,9.25,9.25,614100
2013-01-17,9.300000190734863,9.5600004196167,9.149999618530273,9.420000076293945,9.420000076293945,846300
2013-01-18,9.460000038146973,9.5,9.15999984741211,9.3100004196167,9.3100004196167,630400
2013-01-22,9.300000190734863,9.520000457763672,9.199999809265137,9.460000038146973,9.460000038146973,936700
2013-01-23,9.460000038146973,9.5,9.170000076293945,9.329999923706055,9.329999923706055,686000
2013-01-24,9.300000190734863,9.529999732971191,9.210000038146973,9.350000381469727,9.350000381469727,678200
2013-01-25,9.399999618530273,9.40999984741211,9.100000381469727,9.180000305175781,9.180000305175781,632000
2013-01-28,9.180000305175781,9.239999771118164,8.699999809265137,8.819999694824219,8.819999694824219,1063600
2013-01-29,8.84000015258789,8.989999771118164,8.770000457763672,8.869999885559082,8.869999885559082,523700
2013-01-30,8.84000015258789,8.9399995803833,8.260000228881836,8.350000381469727,8.350000381469727,1121100
2013-01-31,8.319999694824219,8.619999885559082,8.25,8.369999885559082,8.369999885559082,476300
2013-02-01,8.399999618530273,8.59000015258789,8.399999618530273,8.40999984741211,8.40999984741211,516600
2013-02-04,8.350000381469727,8.40999984741211,8.029999732971191,8.039999961853027,8.039999961853027,563200
2013-02-05,8.0600004196167,8.260000228881836,8.0600004196167,8.239999771118164,8.239999771118164,452900
2013-02-06,8.289999961853027,8.289999961853027,8.100000381469727,8.170000076293945,8.170000076293945,498200
2013-02-07,8.229999542236328,8.25,7.940000057220459,8.09000015258789,8.09000015258789,769600
2013-02-08,8.09000015258789,8.489999771118164,8.0600004196167,8.369999885559082,8.369999885559082,597200
2013-02-11,8.369999885559082,8.630000114440918,8.289999961853027,8.5600004196167,8.5600004196167,590000
2013-02-12,8.569999694824219,8.800000190734863,8.510000228881836,8.770000457763672,8.770000457763672,797100
2013-02-13,8.829999923706055,8.850000381469727,8.390000343322754,8.479999542236328,8.479999542236328,685000
2013-02-14,8.449999809265137,8.859999656677246,8.449999809265137,8.819999694824219,8.819999694824219,637300
2013-02-15,8.869999885559082,8.890000343322754,8.550000190734863,8.680000305175781,8.680000305175781,512000
2013-02-19,8.710000038146973,8.800000190734863,8.350000381469727,8.5,8.5,699000
2013-02-20,8.510000228881836,8.779999732971191,8.369999885559082,8.59000015258789,8.59000015258789,1261700
2013-02-21,8.59000015258789,8.789999961853027,6.699999809265137,6.900000095367432,6.900000095367432,4256900
2013-02-22,7.380000114440918,7.550000190734863,6.980000019073486,7.119999885559082,7.119999885559082,2083400
2013-02-25,7.21999979019165,7.25,6.820000171661377,6.849999904632568,6.849999904632568,1049500
2013-02-26,7.159999847412109,7.159999847412109,6.849999904632568,6.929999828338623,6.929999828338623,1313600
2013-02-27,6.929999828338623,7.130000114440918,6.929999828338623,7.019999980926514,7.019999980926514,625900
2013-02-28,7.269999980926514,7.519999980926514,7.25,7.46999979019165,7.46999979019165,1545700
2013-03-01,7.320000171661377,7.639999866485596,7.179999828338623,7.510000228881836,7.510000228881836,1169400
2013-03-04,7.429999828338623,7.869999885559082,7.429999828338623,7.849999904632568,7.849999904632568,1241500
2013-03-05,7.909999847412109,7.960000038146973,7.760000228881836,7.929999828338623,7.929999828338623,900600
2013-03-06,7.920000076293945,8.0600004196167,7.880000114440918,7.909999847412109,7.909999847412109,771200
2013-03-07,7.889999866485596,8.0,7.860000133514404,7.989999771118164,7.989999771118164,433600
2013-03-08,8.050000190734863,8.0600004196167,7.800000190734863,7.869999885559082,7.869999885559082,583800
2013-03-11,7.840000152587891,7.900000095367432,7.75,7.880000114440918,7.880000114440918,448400
2013-03-12,7.849999904632568,7.860000133514404,7.739999771118164,7.820000171661377,7.820000171661377,512000
2013-03-13,7.820000171661377,7.840000152587891,7.699999809265137,7.829999923706055,7.829999923706055,644400
2013-03-14,7.869999885559082,7.900000095367432,7.75,7.869999885559082,7.869999885559082,602900
2013-03-15,7.840000152587891,7.889999866485596,7.670000076293945,7.789999961853027,7.789999961853027,933700
2013-03-18,7.699999809265137,7.889999866485596,7.670000076293945,7.789999961853027,7.789999961853027,476600
2013-03-19,7.78000020980835,7.889999866485596,7.670000076293945,7.869999885559082,7.869999885559082,405800
2013-03-20,7.940000057220459,8.100000381469727,7.929999828338623,8.0600004196167,8.0600004196167,460500
2013-03-21,7.980000019073486,8.170000076293945,7.920000076293945,8.039999961853027,8.039999961853027,360300
2013-03-22,8.079999923706055,8.239999771118164,7.989999771118164,8.149999618530273,8.149999618530273,515600
2013-03-25,8.15999984741211,8.199999809265137,7.949999809265137,8.020000457763672,8.020000457763672,466100
2013-03-26,8.039999961853027,8.100000381469727,7.980000019073486,8.020000457763672,8.020000457763672,335600
2013-03-27,7.949999809265137,7.989999771118164,7.800000190734863,7.949999809265137,7.949999809265137,387200
2013-03-28,7.96999979019165,8.050000190734863,7.860000133514404,7.949999809265137,7.949999809265137,399800
2013-04-01,7.929999828338623,7.929999828338623,7.510000228881836,7.610000133514404,7.610000133514404,645000
2013-04-02,7.659999847412109,7.889999866485596,7.510000228881836,7.519999980926514,7.519999980926514,543400
2013-04-03,7.519999980926514,7.650000095367432,7.239999771118164,7.369999885559082,7.369999885559082,723300
2013-04-04,7.369999885559082,7.619999885559082,7.309999942779541,7.519999980926514,7.519999980926514,618000
2013-04-05,7.389999866485596,7.71999979019165,7.389999866485596,7.670000076293945,7.670000076293945,463500
2013-04-08,7.670000076293945,7.78000020980835,7.5,7.739999771118164,7.739999771118164,361100
2013-04-09,7.730000019073486,7.739999771118164,7.519999980926514,7.699999809265137,7.699999809265137,548400
2013-04-10,7.739999771118164,8.119999885559082,7.71999979019165,8.0600004196167,8.0600004196167,691200
2013-04-11,8.029999732971191,8.300000190734863,7.909999847412109,8.260000228881836,8.260000228881836,566400
2013-04-12,8.1899995803833,8.300000190734863,8.020000457763672,8.09000015258789,8.09000015258789,424400
2013-04-15,8.0600004196167,8.170000076293945,7.610000133514404,7.650000095367432,7.650000095367432,652300
2013-04-16,7.75,7.949999809265137,7.699999809265137,7.929999828338623,7.929999828338623,610500
2013-04-17,7.900000095367432,7.96999979019165,7.690000057220459,7.929999828338623,7.929999828338623,480200
2013-04-18,7.929999828338623,8.029999732971191,7.78000020980835,7.929999828338623,7.929999828338623,501400
2013-04-19,7.949999809265137,8.109999656677246,7.900000095367432,8.029999732971191,8.029999732971191,379300
2013-04-22,8.050000190734863,8.0600004196167,7.78000020980835,7.980000019073486,7.980000019073486,372100
2013-04-23,8.020000457763672,8.149999618530273,8.010000228881836,8.140000343322754,8.140000343322754,314700
2013-04-24,8.140000343322754,8.369999885559082,8.09000015258789,8.300000190734863,8.300000190734863,424000
2013-04-25,8.510000228881836,9.100000381469727,8.449999809265137,8.880000114440918,8.880000114440918,2080100
2013-04-26,8.859999656677246,9.220000267028809,8.8100004196167,8.949999809265137,8.949999809265137,1108400
2013-04-29,8.989999771118164,8.989999771118164,8.699999809265137,8.720000267028809,8.720000267028809,664300
2013-04-30,8.699999809265137,8.899999618530273,8.550000190734863,8.8100004196167,8.8100004196167,696800
2013-05-01,8.8100004196167,8.850000381469727,8.569999694824219,8.640000343322754,8.640000343322754,553700
2013-05-02,8.65999984741211,8.84000015258789,8.569999694824219,8.739999771118164,8.739999771118164,439500
2013-05-03,8.84000015258789,8.979999542236328,8.6899995803833,8.779999732971191,8.779999732971191,524900
2013-05-06,8.800000190734863,9.0,8.6899995803833,9.0,9.0,533800
2013-05-07,9.0,9.100000381469727,8.84000015258789,9.0,9.0,581700
2013-05-08,9.0,9.039999961853027,8.890000343322754,8.979999542236328,8.979999542236328,488400
2013-05-09,8.979999542236328,9.170000076293945,8.920000076293945,9.0,9.0,493100
2013-05-10,8.979999542236328,9.130000114440918,8.960000038146973,9.050000190734863,9.050000190734863,254600
2013-05-13,9.029999732971191,9.15999984741211,8.859999656677246,8.9399995803833,8.9399995803833,555500
2013-05-14,8.930000305175781,9.170000076293945,8.930000305175781,9.100000381469727,9.100000381469727,466000
2013-05-15,9.09000015258789,9.140000343322754,8.949999809265137,9.0,9.0,369300
2013-05-16,8.949999809265137,9.050000190734863,8.90999984741211,8.970000267028809,8.970000267028809,342300
2013-05-17,8.989999771118164,9.069999694824219,8.970000267028809,9.0600004196167,9.0600004196167,347600
2013-05-20,9.020000457763672,9.529999732971191,8.989999771118164,9.210000038146973,9.210000038146973,937200
2013-05-21,9.199999809265137,9.210000038146973,8.869999885559082,8.90999984741211,8.90999984741211,600200
2013-05-22,8.9399995803833,9.09000015258789,8.510000228881836,8.529999732971191,8.529999732971191,778600
2013-05-23,8.5,9.130000114440918,8.449999809265137,9.119999885559082,9.119999885559082,761600
2013-05-24,9.119999885559082,9.649999618530273,9.100000381469727,9.550000190734863,9.550000190734863,1217600
2013-05-28,9.640000343322754,9.789999961853027,9.470000267028809,9.59000015258789,9.59000015258789,724200
2013-05-29,9.5,9.680000305175781,9.399999618530273,9.579999923706055,9.579999923706055,549000
2013-05-30,9.59000015258789,9.739999771118164,9.489999771118164,9.529999732971191,9.529999732971191,494300
2013-05-31,9.460000038146973,9.670000076293945,9.350000381469727,9.489999771118164,9.489999771118164,463800
2013-06-03,9.510000228881836,9.619999885559082,9.279999732971191,9.5,9.5,665900
2013-06-04,9.510000228881836,9.59000015258789,9.390000343322754,9.479999542236328,9.479999542236328,552100
2013-06-05,9.449999809265137,9.5,9.130000114440918,9.229999542236328,9.229999542236328,359400
2013-06-06,9.220000267028809,9.40999984741211,9.149999618530273,9.399999618530273,9.399999618530273,398000
2013-06-07,9.449999809265137,9.479999542236328,9.3100004196167,9.430000305175781,9.430000305175781,268300
2013-06-10,9.40999984741211,9.5,9.3100004196167,9.399999618530273,9.399999618530273,256500
2013-06-11,9.289999961853027,9.449999809265137,9.210000038146973,9.369999885559082,9.369999885559082,239200
2013-06-12,9.449999809265137,9.479999542236328,9.3100004196167,9.40999984741211,9.40999984741211,399400
2013-06-13,9.380000114440918,9.470000267028809,9.329999923706055,9.40999984741211,9.40999984741211,237600
2013-06-14,9.4399995803833,9.470000267028809,9.199999809265137,9.260000228881836,9.260000228881836,227800
2013-06-17,9.329999923706055,9.420000076293945,9.319999694824219,9.399999618530273,9.399999618530273,270800
2013-06-18,9.390000343322754,9.430000305175781,9.270000457763672,9.399999618530273,9.399999618530273,650500
2013-06-19,9.399999618530273,9.399999618530273,9.109999656677246,9.210000038146973,9.210000038146973,469800
2013-06-20,9.100000381469727,9.119999885559082,8.819999694824219,8.859999656677246,8.859999656677246,370100
2013-06-21,8.880000114440918,9.09000015258789,8.800000190734863,8.90999984741211,8.90999984741211,630900
2013-06-24,8.800000190734863,9.029999732971191,8.6899995803833,8.789999961853027,8.789999961853027,314200
2013-06-25,8.880000114440918,8.9399995803833,8.600000381469727,8.720000267028809,8.720000267028809,292900
2013-06-26,8.739999771118164,8.739999771118164,8.569999694824219,8.59000015258789,8.59000015258789,318100
2013-06-27,8.619999885559082,8.729999542236328,8.59000015258789,8.640000343322754,8.640000343322754,375200
2013-06-28,8.59000015258789,8.699999809265137,8.430000305175781,8.520000457763672,8.520000457763672,888600
2013-07-01,8.579999923706055,8.899999618530273,8.550000190734863,8.84000015258789,8.84000015258789,406700
2013-07-02,8.850000381469727,9.020000457763672,8.520000457763672,8.569999694824219,8.569999694824219,440200
2013-07-03,8.550000190734863,8.800000190734863,8.510000228881836,8.729999542236328,8.729999542236328,178300
2013-07-05,8.880000114440918,8.979999542236328,8.75,8.979999542236328,8.979999542236328,526800
2013-07-08,9.029999732971191,9.069999694824219,8.84000015258789,8.890000343322754,8.890000343322754,366500
2013-07-09,8.949999809265137,8.989999771118164,8.770000457763672,8.890000343322754,8.890000343322754,304700
2013-07-10,8.949999809265137,9.029999732971191,8.859999656677246,9.010000228881836,9.010000228881836,239300
2013-07-11,9.149999618530273,9.220000267028809,9.010000228881836,9.220000267028809,9.220000267028809,419400
2013-07-12,9.199999809265137,9.300000190734863,9.130000114440918,9.199999809265137,9.199999809265137,300200
2013-07-15,9.1899995803833,9.279999732971191,9.039999961853027,9.100000381469727,9.100000381469727,289100
2013-07-16,9.119999885559082,9.229999542236328,9.069999694824219,9.109999656677246,9.109999656677246,143300
2013-07-17,9.149999618530273,9.170000076293945,8.960000038146973,9.09000015258789,9.09000015258789,425600
2013-07-18,9.130000114440918,9.180000305175781,9.050000190734863,9.09000015258789,9.09000015258789,152700
2013-07-19,9.0600004196167,9.0600004196167,8.899999618530273,9.0,9.0,243100
2013-07-22,8.979999542236328,9.079999923706055,8.970000267028809,8.979999542236328,8.979999542236328,155100
2013-07-23,9.020000457763672,9.0600004196167,8.75,8.90999984741211,8.90999984741211,262600
2013-07-24,8.930000305175781,9.010000228881836,8.899999618530273,8.949999809265137,8.949999809265137,133100
2013-07-25,8.90999984741211,8.960000038146973,8.770000457763672,8.829999923706055,8.829999923706055,345700
2013-07-26,8.760000228881836,8.989999771118164,8.75,8.9399995803833,8.9399995803833,251000
2013-07-29,8.9399995803833,9.010000228881836,8.880000114440918,8.960000038146973,8.960000038146973,222200
2013-07-30,9.0,9.029999732971191,8.930000305175781,8.930000305175781,8.930000305175781,364000
2013-07-31,9.0,9.020000457763672,8.430000305175781,8.880000114440918,8.880000114440918,491200
2013-08-01,8.979999542236328,9.050000190734863,8.890000343322754,8.90999984741211,8.90999984741211,335500
2013-08-02,8.890000343322754,8.899999618530273,8.729999542236328,8.84000015258789,8.84000015258789,408600
2013-08-05,8.84000015258789,8.899999618530273,8.729999542236328,8.770000457763672,8.770000457763672,314200
2013-08-06,8.6899995803833,8.729999542236328,8.619999885559082,8.699999809265137,8.699999809265137,267200
2013-08-07,8.699999809265137,8.789999961853027,8.630000114440918,8.720000267028809,8.720000267028809,189900
2013-08-08,8.75,8.84000015258789,8.630000114440918,8.739999771118164,8.739999771118164,281600
2013-08-09,8.739999771118164,8.829999923706055,8.65999984741211,8.65999984741211,8.65999984741211,256600
2013-08-12,8.640000343322754,8.6899995803833,8.579999923706055,8.600000381469727,8.600000381469727,256800
2013-08-13,8.600000381469727,8.739999771118164,8.569999694824219,8.699999809265137,8.699999809265137,390900
2013-08-14,8.739999771118164,9.399999618530273,8.739999771118164,9.34000015258789,9.34000015258789,1221800
2013-08-15,9.329999923706055,10.119999885559082,9.279999732971191,9.800000190734863,9.800000190734863,2400200
2013-08-16,9.890000343322754,10.460000038146973,9.890000343322754,10.210000038146973,10.210000038146973,2036400
2013-08-19,10.180000305175781,10.770000457763672,10.0,10.430000305175781,10.430000305175781,1709800
2013-08-20,10.5,10.989999771118164,10.380000114440918,10.869999885559082,10.869999885559082,1583500
2013-08-21,11.050000190734863,11.5,10.899999618530273,11.1899995803833,11.1899995803833,3016200
2013-08-22,11.239999771118164,11.460000038146973,11.029999732971191,11.369999885559082,11.369999885559082,1282900
2013-08-23,11.399999618530273,11.470000267028809,11.270000457763672,11.390000343322754,11.390000343322754,904600
2013-08-26,11.369999885559082,11.789999961853027,11.220000267028809,11.489999771118164,11.489999771118164,1041500
2013-08-27,11.470000267028809,12.170000076293945,11.359999656677246,11.850000381469727,11.850000381469727,2782300
2013-08-28,11.489999771118164,11.680000305175781,11.050000190734863,11.149999618530273,11.149999618530273,2586900
2013-08-29,11.09000015258789,12.100000381469727,11.0600004196167,11.920000076293945,11.920000076293945,2706500
2013-08-30,12.0,12.119999885559082,11.600000381469727,11.640000343322754,11.640000343322754,1739700
2013-09-03,11.920000076293945,11.989999771118164,11.699999809265137,11.970000267028809,11.970000267028809,1112000
2013-09-04,12.0,12.680000305175781,12.0,12.369999885559082,12.369999885559082,1919400
2013-09-05,12.329999923706055,12.529999732971191,12.239999771118164,12.260000228881836,12.260000228881836,1070900
2013-09-06,12.300000190734863,12.420000076293945,11.880000114440918,12.130000114440918,12.130000114440918,862700
2013-09-09,12.15999984741211,12.300000190734863,11.979999542236328,12.149999618530273,12.149999618530273,800100
2013-09-10,12.210000038146973,12.489999771118164,12.15999984741211,12.279999732971191,12.279999732971191,818700
2013-09-11,12.270000457763672,12.619999885559082,12.15999984741211,12.479999542236328,12.479999542236328,779300
2013-09-12,12.449999809265137,12.479999542236328,12.210000038146973,12.260000228881836,12.260000228881836,660700
2013-09-13,12.319999694824219,12.369999885559082,12.039999961853027,12.329999923706055,12.329999923706055,673100
2013-09-16,12.6899995803833,13.420000076293945,12.529999732971191,13.15999984741211,13.15999984741211,2308400
2013-09-17,13.210000038146973,13.369999885559082,13.020000457763672,13.260000228881836,13.260000228881836,1165900
2013-09-18,13.5,14.199999809265137,13.359999656677246,14.09000015258789,14.09000015258789,2694600
2013-09-19,14.149999618530273,14.420000076293945,14.010000228881836,14.260000228881836,14.260000228881836,1690000
2013-09-20,14.65999984741211,15.220000267028809,14.350000381469727,14.789999961853027,14.789999961853027,4189400
2013-09-23,14.829999923706055,14.850000381469727,14.210000038146973,14.489999771118164,14.489999771118164,1716200
2013-09-24,14.4399995803833,15.09000015258789,14.420000076293945,14.649999618530273,14.649999618530273,1297900
2013-09-25,14.65999984741211,15.300000190734863,14.65999984741211,14.960000038146973,14.960000038146973,1206700
2013-09-26,15.029999732971191,15.199999809265137,14.899999618530273,15.149999618530273,15.149999618530273,951200
2013-09-27,15.039999961853027,15.140000343322754,14.710000038146973,14.859999656677246,14.859999656677246,1003200
2013-09-30,14.609999656677246,15.15999984741211,14.369999885559082,14.880000114440918,14.880000114440918,1230900
2013-10-01,14.890000343322754,15.960000038146973,14.890000343322754,15.9399995803833,15.9399995803833,2434600
2013-10-02,15.970000267028809,17.15999984741211,15.619999885559082,16.649999618530273,16.649999618530273,3204600
2013-10-03,16.360000610351562,16.56999969482422,14.510000228881836,14.899999618530273,14.899999618530273,4596400
2013-10-04,14.850000381469727,15.279999732971191,13.449999809265137,14.029999732971191,14.029999732971191,5123000
2013-10-07,14.149999618530273,15.180000305175781,13.850000381469727,14.649999618530273,14.649999618530273,3533700
2013-10-08,14.869999885559082,15.819999694824219,14.630000114440918,14.729999542236328,14.729999542236328,3469400
2013-10-09,14.90999984741211,15.220000267028809,14.25,14.539999961853027,14.539999961853027,2201800
2013-10-10,14.800000190734863,15.359999656677246,14.75,15.09000015258789,15.09000015258789,1775300
2013-10-11,15.119999885559082,15.369999885559082,14.859999656677246,15.109999656677246,15.109999656677246,1120700
2013-10-14,14.970000267028809,15.180000305175781,14.630000114440918,15.119999885559082,15.119999885559082,1431900
2013-10-15,15.039999961853027,15.25,14.800000190734863,14.930000305175781,14.930000305175781,835200
2013-10-16,15.0,15.260000228881836,14.90999984741211,15.109999656677246,15.109999656677246,800600
2013-10-17,15.09000015258789,15.800000190734863,15.079999923706055,15.699999809265137,15.699999809265137,1905300
2013-10-18,15.850000381469727,16.139999389648438,15.579999923706055,15.8100004196167,15.8100004196167,1404300
2013-10-21,15.880000114440918,15.949999809265137,15.15999984741211,15.430000305175781,15.430000305175781,1151700
2013-10-22,15.479999542236328,15.65999984741211,15.279999732971191,15.520000457763672,15.520000457763672,941900
2013-10-23,15.470000267028809,15.609999656677246,15.239999771118164,15.350000381469727,15.350000381469727,805100
2013-10-24,15.380000114440918,15.600000381469727,15.239999771118164,15.350000381469727,15.350000381469727,665200
2013-10-25,15.399999618530273,15.579999923706055,14.930000305175781,15.09000015258789,15.09000015258789,834600
2013-10-28,15.039999961853027,15.25,14.989999771118164,15.25,15.25,689400
2013-10-29,15.25,15.729999542236328,15.25,15.65999984741211,15.65999984741211,1064400
2013-10-30,16.360000610351562,18.31999969482422,16.309999465942383,17.969999313354492,17.969999313354492,6114600
2013-10-31,18.0,18.520000457763672,17.600000381469727,17.780000686645508,17.780000686645508,2868600
2013-11-01,17.709999084472656,17.889999389648438,16.809999465942383,16.860000610351562,16.860000610351562,2522500
2013-11-04,16.8700008392334,17.81999969482422,16.8700008392334,17.31999969482422,17.31999969482422,1615700
2013-11-05,17.360000610351562,17.809999465942383,17.260000228881836,17.600000381469727,17.600000381469727,1315600
2013-11-06,17.729999542236328,17.889999389648438,16.920000076293945,17.170000076293945,17.170000076293945,1012900
2013-11-07,17.200000762939453,17.420000076293945,15.899999618530273,16.010000228881836,16.010000228881836,2036800
2013-11-08,15.979999542236328,17.079999923706055,15.800000190734863,16.8700008392334,16.8700008392334,1555000
2013-11-11,16.860000610351562,17.1299991607666,16.559999465942383,16.760000228881836,16.760000228881836,832700
2013-11-12,16.770000457763672,17.0,16.350000381469727,16.459999084472656,16.459999084472656,1148400
2013-11-13,16.360000610351562,17.84000015258789,16.299999237060547,17.709999084472656,17.709999084472656,1988900
2013-11-14,17.75,17.889999389648438,17.219999313354492,17.309999465942383,17.309999465942383,1318500
2013-11-15,17.260000228881836,17.81999969482422,17.200000762939453,17.489999771118164,17.489999771118164,1118300
2013-11-18,17.719999313354492,17.799999237060547,17.010000228881836,17.079999923706055,17.079999923706055,1349900
2013-11-19,17.149999618530273,17.469999313354492,16.59000015258789,16.700000762939453,16.700000762939453,1292300
2013-11-20,16.81999969482422,17.239999771118164,16.670000076293945,16.809999465942383,16.809999465942383,878600
2013-11-21,16.829999923706055,17.170000076293945,16.75,16.989999771118164,16.989999771118164,1105000
2013-11-22,17.040000915527344,17.649999618530273,16.790000915527344,17.5,17.5,1384200
2013-11-25,17.75,18.399999618530273,17.559999465942383,17.760000228881836,17.760000228881836,2247800
2013-11-26,17.829999923706055,18.020000457763672,17.649999618530273,17.760000228881836,17.760000228881836,951000
2013-11-27,17.709999084472656,17.8700008392334,17.43000030517578,17.600000381469727,17.600000381469727,838500
2013-11-29,17.59000015258789,17.690000534057617,17.170000076293945,17.190000534057617,17.190000534057617,512100
2013-12-02,17.25,17.450000762939453,16.530000686645508,16.600000381469727,16.600000381469727,1262400
2013-12-03,16.489999771118164,16.579999923706055,15.960000038146973,16.18000030517578,16.18000030517578,1585000
2013-12-04,16.31999969482422,16.3799991607666,15.779999732971191,16.010000228881836,16.010000228881836,1171300
2013-12-05,16.020000457763672,16.559999465942383,15.890000343322754,16.510000228881836,16.510000228881836,1205900
2013-12-06,16.639999389648438,16.979999542236328,16.399999618530273,16.799999237060547,16.799999237060547,1091800
2013-12-09,16.84000015258789,17.040000915527344,16.6299991607666,16.729999542236328,16.729999542236328,730400
2013-12-10,16.84000015258789,17.299999237060547,16.84000015258789,16.90999984741211,16.90999984741211,1226500
2013-12-11,17.0,17.100000381469727,16.25,16.399999618530273,16.399999618530273,949800
2013-12-12,16.3700008392334,16.809999465942383,16.229999542236328,16.440000534057617,16.440000534057617,816100
2013-12-13,16.389999389648438,16.510000228881836,15.229999542236328,15.520000457763672,15.520000457763672,2142100
2013-12-16,16.049999237060547,17.170000076293945,15.9399995803833,16.889999389648438,16.889999389648438,2802900
2013-12-17,16.940000534057617,16.979999542236328,16.25,16.280000686645508,16.280000686645508,1126100
2013-12-18,16.290000915527344,16.809999465942383,16.049999237060547,16.770000457763672,16.770000457763672,1246100
2013-12-19,16.68000030517578,16.68000030517578,16.100000381469727,16.139999389648438,16.139999389648438,757800
2013-12-20,16.219999313354492,16.43000030517578,16.09000015258789,16.200000762939453,16.200000762939453,1282600
2013-12-23,16.270000457763672,16.329999923706055,15.850000381469727,15.9399995803833,15.9399995803833,927200
2013-12-24,15.920000076293945,16.239999771118164,15.8100004196167,16.15999984741211,16.15999984741211,420400
2013-12-26,16.270000457763672,16.540000915527344,16.209999084472656,16.399999618530273,16.399999618530273,749000
2013-12-27,16.450000762939453,16.690000534057617,15.869999885559082,15.949999809265137,15.949999809265137,1042800
2013-12-30,16.0,16.079999923706055,15.850000381469727,15.899999618530273,15.899999618530273,515100
2013-12-31,15.90999984741211,16.149999618530273,15.800000190734863,15.880000114440918,15.880000114440918,659600
2014-01-02,15.84000015258789,15.84000015258789,14.890000343322754,15.380000114440918,15.380000114440918,1276700
2014-01-03,15.319999694824219,15.739999771118164,15.319999694824219,15.670000076293945,15.670000076293945,569400
2014-01-06,15.789999961853027,15.920000076293945,15.289999961853027,15.640000343322754,15.640000343322754,997100
2014-01-07,15.619999885559082,15.90999984741211,15.449999809265137,15.90999984741211,15.90999984741211,839100
2014-01-08,16.510000228881836,18.56999969482422,16.5,17.93000030517578,17.93000030517578,5362900
2014-01-09,17.969999313354492,18.1200008392334,17.420000076293945,17.790000915527344,17.790000915527344,1278300
2014-01-10,17.790000915527344,18.8799991607666,17.5,18.68000030517578,18.68000030517578,2789700
2014-01-13,18.65999984741211,18.68000030517578,17.34000015258789,17.489999771118164,17.489999771118164,2173300
2014-01-14,17.639999389648438,18.139999389648438,17.450000762939453,18.06999969482422,18.06999969482422,1258200
2014-01-15,18.1200008392334,18.190000534057617,17.649999618530273,17.940000534057617,17.940000534057617,842400
2014-01-16,17.940000534057617,18.06999969482422,17.5,17.56999969482422,17.56999969482422,977400
2014-01-17,17.600000381469727,17.790000915527344,17.31999969482422,17.670000076293945,17.670000076293945,938100
2014-01-21,17.75,18.600000381469727,17.600000381469727,17.790000915527344,17.790000915527344,1404900
2014-01-22,17.860000610351562,18.1200008392334,17.350000381469727,18.0,18.0,1071100
2014-01-23,17.899999618530273,17.979999542236328,17.530000686645508,17.709999084472656,17.709999084472656,658500
2014-01-24,17.350000381469727,17.520000457763672,16.600000381469727,16.739999771118164,16.739999771118164,1581800
2014-01-27,16.780000686645508,16.8799991607666,16.09000015258789,16.520000457763672,16.520000457763672,979400
2014-01-28,16.530000686645508,16.969999313354492,16.299999237060547,16.649999618530273,16.649999618530273,1124300
2014-01-29,16.40999984741211,16.600000381469727,15.800000190734863,15.890000343322754,15.890000343322754,1049900
2014-01-30,16.1200008392334,16.520000457763672,16.0,16.299999237060547,16.299999237060547,1025500
2014-01-31,16.079999923706055,16.31999969482422,15.930000305175781,16.059999465942383,16.059999465942383,709200
2014-02-03,16.75,17.520000457763672,16.6299991607666,16.899999618530273,16.899999618530273,3023200
2014-02-04,16.979999542236328,17.1299991607666,16.459999084472656,16.829999923706055,16.829999923706055,8404400
2014-02-05,16.6200008392334,16.700000762939453,15.760000228881836,16.520000457763672,16.520000457763672,2143000
2014-02-06,16.469999313354492,17.09000015258789,16.40999984741211,16.719999313354492,16.719999313354492,1251100
2014-02-07,16.760000228881836,17.200000762939453,16.65999984741211,16.780000686645508,16.780000686645508,841800
2014-02-10,16.84000015258789,16.920000076293945,16.329999923706055,16.90999984741211,16.90999984741211,1130600
2014-02-11,16.940000534057617,17.15999984741211,16.65999984741211,16.90999984741211,16.90999984741211,999400
2014-02-12,16.8700008392334,17.079999923706055,16.600000381469727,16.790000915527344,16.790000915527344,618300
2014-02-13,16.6200008392334,17.229999542236328,16.399999618530273,17.1299991607666,17.1299991607666,781300
2014-02-14,17.079999923706055,17.190000534057617,16.850000381469727,17.09000015258789,17.09000015258789,501300
2014-02-18,17.110000610351562,18.479999542236328,17.010000228881836,18.079999923706055,18.079999923706055,2042300
2014-02-19,18.1200008392334,19.0,18.1200008392334,18.559999465942383,18.559999465942383,2360000
2014-02-20,18.639999389648438,19.059999465942383,17.81999969482422,19.020000457763672,19.020000457763672,1770300
2014-02-21,19.139999389648438,19.3799991607666,18.610000610351562,18.799999237060547,18.799999237060547,1523500
2014-02-24,18.899999618530273,19.469999313354492,18.899999618530273,19.06999969482422,19.06999969482422,1354000
2014-02-25,19.190000534057617,19.540000915527344,19.010000228881836,19.100000381469727,19.100000381469727,1669300
2014-02-26,20.0,20.010000228881836,18.06999969482422,18.93000030517578,18.93000030517578,4202200
2014-02-27,18.969999313354492,20.829999923706055,18.75,20.5,20.5,3026700
2014-02-28,20.0,20.110000610351562,19.010000228881836,19.229999542236328,19.229999542236328,2840300
2014-03-03,19.110000610351562,19.790000915527344,18.799999237060547,19.559999465942383,19.559999465942383,1212200
2014-03-04,19.829999923706055,20.389999389648438,19.829999923706055,20.280000686645508,20.280000686645508,1387800
2014-03-05,20.290000915527344,20.440000534057617,19.540000915527344,19.8700008392334,19.8700008392334,1494300
2014-03-06,19.829999923706055,19.950000762939453,19.510000228881836,19.649999618530273,19.649999618530273,697600
2014-03-07,19.799999237060547,19.850000381469727,18.719999313354492,18.889999389648438,18.889999389648438,1552000
2014-03-10,18.90999984741211,19.520000457763672,18.649999618530273,19.5,19.5,1193300
2014-03-11,19.56999969482422,19.579999923706055,18.799999237060547,18.90999984741211,18.90999984741211,1098400
2014-03-12,18.950000762939453,19.190000534057617,18.579999923706055,18.649999618530273,18.649999618530273,842400
2014-03-13,18.719999313354492,18.829999923706055,18.0,18.299999237060547,18.299999237060547,946600
2014-03-14,18.299999237060547,18.489999771118164,18.09000015258789,18.329999923706055,18.329999923706055,846500
2014-03-17,18.350000381469727,18.600000381469727,18.110000610351562,18.309999465942383,18.309999465942383,750000
2014-03-18,18.309999465942383,18.860000610351562,18.270000457763672,18.5,18.5,843000
2014-03-19,18.549999237060547,18.790000915527344,18.059999465942383,18.229999542236328,18.229999542236328,943200
2014-03-20,18.139999389648438,18.420000076293945,18.0,18.09000015258789,18.09000015258789,859800
2014-03-21,18.200000762939453,18.479999542236328,18.09000015258789,18.110000610351562,18.110000610351562,1153000
2014-03-24,18.149999618530273,18.25,17.3700008392334,17.850000381469727,17.850000381469727,1060100
2014-03-25,17.989999771118164,18.950000762939453,17.8700008392334,18.90999984741211,18.90999984741211,1803600
2014-03-26,19.270000457763672,19.729999542236328,18.81999969482422,18.850000381469727,18.850000381469727,1834200
2014-03-27,18.760000228881836,18.899999618530273,18.1299991607666,18.270000457763672,18.270000457763672,894000
2014-03-28,18.260000228881836,18.6299991607666,18.149999618530273,18.31999969482422,18.31999969482422,483800
2014-03-31,18.450000762939453,18.610000610351562,18.18000030517578,18.290000915527344,18.290000915527344,1245400
2014-04-01,18.399999618530273,19.170000076293945,18.399999618530273,18.989999771118164,18.989999771118164,1096800
2014-04-02,19.010000228881836,19.09000015258789,18.450000762939453,18.649999618530273,18.649999618530273,972000
2014-04-03,18.649999618530273,18.790000915527344,18.18000030517578,18.34000015258789,18.34000015258789,783600
2014-04-04,18.450000762939453,18.5,17.510000228881836,17.6200008392334,17.6200008392334,1260600
2014-04-07,17.549999237060547,17.729999542236328,16.81999969482422,17.059999465942383,17.059999465942383,1223700
2014-04-08,17.0,17.280000686645508,16.6299991607666,17.030000686645508,17.030000686645508,845300
2014-04-09,17.030000686645508,17.40999984741211,16.860000610351562,17.34000015258789,17.34000015258789,719000
2014-04-10,17.34000015258789,17.399999618530273,16.200000762939453,16.43000030517578,16.43000030517578,948000
2014-04-11,16.15999984741211,17.170000076293945,16.15999984741211,16.739999771118164,16.739999771118164,1217400
2014-04-14,16.950000762939453,17.239999771118164,16.489999771118164,16.780000686645508,16.780000686645508,860700
2014-04-15,16.860000610351562,17.56999969482422,16.780000686645508,17.299999237060547,17.299999237060547,1205600
2014-04-16,17.479999542236328,17.829999923706055,17.270000457763672,17.790000915527344,17.790000915527344,1115600
2014-04-17,17.790000915527344,17.940000534057617,17.389999389648438,17.8799991607666,17.8799991607666,1249000
2014-04-21,17.860000610351562,17.93000030517578,17.360000610351562,17.700000762939453,17.700000762939453,919200
2014-04-22,17.739999771118164,18.420000076293945,17.68000030517578,18.229999542236328,18.229999542236328,737400
2014-04-23,18.239999771118164,18.600000381469727,18.170000076293945,18.260000228881836,18.260000228881836,848500
2014-04-24,18.299999237060547,18.440000534057617,17.709999084472656,18.190000534057617,18.190000534057617,809500
2014-04-25,18.06999969482422,18.06999969482422,17.520000457763672,17.709999084472656,17.709999084472656,799500
2014-04-28,17.850000381469727,17.93000030517578,16.510000228881836,16.780000686645508,16.780000686645508,1167900
2014-04-29,16.84000015258789,17.200000762939453,16.6200008392334,17.079999923706055,17.079999923706055,951300
2014-04-30,17.020000457763672,17.190000534057617,15.329999923706055,16.149999618530273,16.149999618530273,1734300
2014-05-01,15.989999771118164,16.1200008392334,15.09000015258789,15.25,15.25,2363200
2014-05-02,15.25,15.34000015258789,14.100000381469727,14.130000114440918,14.130000114440918,2860000
2014-05-05,14.119999885559082,14.59000015258789,13.819999694824219,14.40999984741211,14.40999984741211,1384600
2014-05-06,14.279999732971191,14.279999732971191,13.180000305175781,13.199999809265137,13.199999809265137,1704200
2014-05-07,13.199999809265137,13.390000343322754,12.550000190734863,13.130000114440918,13.130000114440918,2596000
2014-05-08,13.050000190734863,13.5,13.010000228881836,13.140000343322754,13.140000343322754,1828300
2014-05-09,13.119999885559082,13.390000343322754,13.029999732971191,13.260000228881836,13.260000228881836,1176900
2014-05-12,13.600000381469727,14.3100004196167,13.5,14.0600004196167,14.0600004196167,1820900
2014-05-13,14.170000076293945,14.239999771118164,13.550000190734863,13.640000343322754,13.640000343322754,882900
2014-05-14,13.579999923706055,13.609999656677246,12.970000267028809,13.010000228881836,13.010000228881836,1415900
2014-05-15,12.930000305175781,13.130000114440918,12.619999885559082,13.050000190734863,13.050000190734863,1008600
2014-05-16,13.029999732971191,13.329999923706055,12.819999694824219,13.319999694824219,13.319999694824219,1074600
2014-05-19,13.199999809265137,13.65999984741211,13.109999656677246,13.520000457763672,13.520000457763672,893500
2014-05-20,13.479999542236328,13.479999542236328,12.760000228881836,12.869999885559082,12.869999885559082,1096500
2014-05-21,12.90999984741211,13.09000015258789,12.819999694824219,13.0600004196167,13.0600004196167,579900
2014-05-22,13.0600004196167,13.15999984741211,12.970000267028809,13.079999923706055,13.079999923706055,410900
2014-05-23,13.0600004196167,13.380000114440918,12.989999771118164,13.350000381469727,13.350000381469727,602100
2014-05-27,13.430000305175781,13.609999656677246,13.329999923706055,13.479999542236328,13.479999542236328,574100
2014-05-28,13.390000343322754,13.609999656677246,13.1899995803833,13.270000457763672,13.270000457763672,583200
2014-05-29,13.40999984741211,13.5600004196167,13.229999542236328,13.520000457763672,13.520000457763672,605200
2014-05-30,13.520000457763672,13.569999694824219,13.229999542236328,13.270000457763672,13.270000457763672,653800
2014-06-02,13.279999732971191,13.359999656677246,13.039999961853027,13.319999694824219,13.319999694824219,574500
2014-06-03,13.1899995803833,13.319999694824219,12.979999542236328,13.0,13.0,614300
2014-06-04,12.960000038146973,13.1899995803833,12.869999885559082,13.050000190734863,13.050000190734863,466400
2014-06-05,13.220000267028809,13.369999885559082,12.949999809265137,13.359999656677246,13.359999656677246,631200
2014-06-06,13.420000076293945,13.640000343322754,13.289999961853027,13.350000381469727,13.350000381469727,475800
2014-06-09,13.3100004196167,13.65999984741211,13.260000228881836,13.529999732971191,13.529999732971191,802500
2014-06-10,13.420000076293945,14.649999618530273,13.180000305175781,14.279999732971191,14.279999732971191,2538000
2014-06-11,14.100000381469727,14.229999542236328,13.699999809265137,13.90999984741211,13.90999984741211,1007000
2014-06-12,13.899999618530273,14.079999923706055,13.510000228881836,14.029999732971191,14.029999732971191,680200
2014-06-13,14.09000015258789,14.09000015258789,13.619999885559082,13.869999885559082,13.869999885559082,485200
2014-06-16,13.84000015258789,13.960000038146973,13.649999618530273,13.779999732971191,13.779999732971191,494500
2014-06-17,13.829999923706055,14.1899995803833,13.649999618530273,14.069999694824219,14.069999694824219,723100
2014-06-18,14.079999923706055,14.119999885559082,13.8100004196167,13.859999656677246,13.859999656677246,462300
2014-06-19,14.0,14.0,13.619999885559082,13.699999809265137,13.699999809265137,623600
2014-06-20,13.739999771118164,14.25,13.569999694824219,13.850000381469727,13.850000381469727,1853100
2014-06-23,13.819999694824219,13.819999694824219,13.569999694824219,13.699999809265137,13.699999809265137,611300
2014-06-24,13.600000381469727,13.729999542236328,13.359999656677246,13.430000305175781,13.430000305175781,797400
2014-06-25,13.359999656677246,13.489999771118164,13.180000305175781,13.460000038146973,13.460000038146973,533000
2014-06-26,13.449999809265137,13.529999732971191,13.140000343322754,13.289999961853027,13.289999961853027,408500
2014-06-27,13.220000267028809,13.420000076293945,13.130000114440918,13.390000343322754,13.390000343322754,649700
2014-06-30,13.3100004196167,13.319999694824219,12.989999771118164,13.300000190734863,13.300000190734863,1199900
2014-07-01,13.350000381469727,13.739999771118164,13.199999809265137,13.5,13.5,1124800
2014-07-02,13.479999542236328,13.6899995803833,13.220000267028809,13.279999732971191,13.279999732971191,492800
2014-07-03,13.3100004196167,13.359999656677246,13.109999656677246,13.180000305175781,13.180000305175781,270800
2014-07-07,13.100000381469727,13.170000076293945,12.859999656677246,12.890000343322754,12.890000343322754,685600
2014-07-08,12.880000114440918,13.020000457763672,11.970000267028809,12.0,12.0,2097900
2014-07-09,12.09000015258789,12.359999656677246,11.270000457763672,11.369999885559082,11.369999885559082,2495500
2014-07-10,11.1899995803833,11.289999961853027,10.8100004196167,11.239999771118164,11.239999771118164,1856400
2014-07-11,11.260000228881836,11.479999542236328,11.0,11.199999809265137,11.199999809265137,958800
2014-07-14,11.319999694824219,11.399999618530273,11.140000343322754,11.210000038146973,11.210000038146973,986500
2014-07-15,11.220000267028809,11.289999961853027,10.8100004196167,10.880000114440918,10.880000114440918,1580900
2014-07-16,10.960000038146973,10.970000267028809,10.699999809265137,10.779999732971191,10.779999732971191,1032000
2014-07-17,10.680000305175781,10.789999961853027,10.460000038146973,10.5,10.5,1423300
2014-07-18,10.5,11.399999618530273,10.5,11.359999656677246,11.359999656677246,1993600
2014-07-21,11.289999961853027,11.550000190734863,11.0600004196167,11.460000038146973,11.460000038146973,887500
2014-07-22,11.510000228881836,11.720000267028809,11.430000305175781,11.529999732971191,11.529999732971191,590200
2014-07-23,11.569999694824219,11.569999694824219,11.220000267028809,11.229999542236328,11.229999542236328,515100
2014-07-24,11.239999771118164,11.600000381469727,11.239999771118164,11.4399995803833,11.4399995803833,735400
2014-07-25,11.350000381469727,11.75,11.300000190734863,11.489999771118164,11.489999771118164,899200
2014-07-28,11.479999542236328,11.619999885559082,11.1899995803833,11.3100004196167,11.3100004196167,567400
2014-07-29,11.319999694824219,11.609999656677246,11.279999732971191,11.5,11.5,590100
2014-07-30,12.329999923706055,13.569999694824219,12.25,13.359999656677246,13.359999656677246,3957100
2014-07-31,13.130000114440918,13.199999809265137,12.0,12.0600004196167,12.0600004196167,2098100
2014-08-01,12.010000228881836,12.079999923706055,11.369999885559082,11.520000457763672,11.520000457763672,1264800
2014-08-04,11.510000228881836,11.640000343322754,11.279999732971191,11.4399995803833,11.4399995803833,746800
2014-08-05,11.489999771118164,11.899999618530273,11.4399995803833,11.640000343322754,11.640000343322754,1001800
2014-08-06,11.859999656677246,12.380000114440918,11.800000190734863,12.350000381469727,12.350000381469727,1604900
2014-08-07,12.680000305175781,12.6899995803833,12.170000076293945,12.180000305175781,12.180000305175781,1049500
2014-08-08,12.220000267028809,12.430000305175781,12.020000457763672,12.380000114440918,12.380000114440918,825900
2014-08-11,12.430000305175781,12.489999771118164,12.140000343322754,12.380000114440918,12.380000114440918,655300
2014-08-12,12.34000015258789,12.460000038146973,11.970000267028809,12.020000457763672,12.020000457763672,806800
2014-08-13,12.050000190734863,12.449999809265137,12.020000457763672,12.359999656677246,12.359999656677246,730700
2014-08-14,12.390000343322754,12.75,12.199999809265137,12.710000038146973,12.710000038146973,765500
2014-08-15,13.149999618530273,14.140000343322754,13.140000343322754,13.90999984741211,13.90999984741211,3363400
2014-08-18,14.710000038146973,15.579999923706055,14.569999694824219,14.680000305175781,14.680000305175781,5383000
2014-08-19,15.430000305175781,16.1200008392334,15.100000381469727,16.110000610351562,16.110000610351562,5388300
2014-08-20,15.819999694824219,15.979999542236328,15.220000267028809,15.460000038146973,15.460000038146973,3029900
2014-08-21,15.630000114440918,15.90999984741211,15.3100004196167,15.890000343322754,15.890000343322754,3002900
2014-08-22,15.90999984741211,16.479999542236328,15.430000305175781,15.710000038146973,15.710000038146973,2811300
2014-08-25,16.170000076293945,16.540000915527344,15.859999656677246,15.949999809265137,15.949999809265137,3305500
2014-08-26,15.989999771118164,16.0,15.470000267028809,15.670000076293945,15.670000076293945,1880100
2014-08-27,15.789999961853027,16.15999984741211,15.510000228881836,15.949999809265137,15.949999809265137,2134300
2014-08-28,15.739999771118164,15.899999618530273,15.449999809265137,15.670000076293945,15.670000076293945,1753700
2014-08-29,15.680000305175781,15.829999923706055,15.350000381469727,15.670000076293945,15.670000076293945,1123800
2014-09-02,16.100000381469727,17.700000762939453,15.850000381469727,17.540000915527344,17.540000915527344,6062300
2014-09-03,18.059999465942383,18.239999771118164,16.6200008392334,16.739999771118164,16.739999771118164,5231100
2014-09-04,17.280000686645508,18.389999389648438,17.270000457763672,17.549999237060547,17.549999237060547,7663900
2014-09-05,18.68000030517578,18.760000228881836,17.93000030517578,18.270000457763672,18.270000457763672,8426000
2014-09-08,18.309999465942383,18.350000381469727,17.360000610351562,17.81999969482422,17.81999969482422,3893300
2014-09-09,17.829999923706055,17.8700008392334,17.110000610351562,17.219999313354492,17.219999313354492,2779400
2014-09-10,17.200000762939453,17.829999923706055,17.049999237060547,17.729999542236328,17.729999542236328,2337600
2014-09-11,17.90999984741211,18.15999984741211,17.540000915527344,17.790000915527344,17.790000915527344,4103100
2014-09-12,18.290000915527344,18.700000762939453,17.8700008392334,18.43000030517578,18.43000030517578,5028100
2014-09-15,18.600000381469727,18.649999618530273,17.770000457763672,17.790000915527344,17.790000915527344,2657300
2014-09-16,17.649999618530273,18.219999313354492,17.309999465942383,18.010000228881836,18.010000228881836,3035200
2014-09-17,17.760000228881836,17.950000762939453,17.079999923706055,17.200000762939453,17.200000762939453,3356000
2014-09-18,17.239999771118164,17.299999237060547,16.350000381469727,16.90999984741211,16.90999984741211,3411600
2014-09-19,16.959999084472656,17.040000915527344,16.079999923706055,16.1299991607666,16.1299991607666,2992100
2014-09-22,16.0,16.06999969482422,15.300000190734863,15.970000267028809,15.970000267028809,2666800
2014-09-23,15.680000305175781,16.06999969482422,15.680000305175781,15.8100004196167,15.8100004196167,1247900
2014-09-24,16.15999984741211,16.3700008392334,15.949999809265137,16.079999923706055,16.079999923706055,1546400
2014-09-25,16.100000381469727,16.59000015258789,15.979999542236328,15.989999771118164,15.989999771118164,2225200
2014-09-26,16.010000228881836,16.079999923706055,15.399999618530273,15.670000076293945,15.670000076293945,1828500
2014-09-29,15.3100004196167,15.520000457763672,15.170000076293945,15.399999618530273,15.399999618530273,1856600
2014-09-30,15.880000114440918,15.949999809265137,15.210000038146973,15.4399995803833,15.4399995803833,3238600
2014-10-01,15.34000015258789,15.34000015258789,14.300000190734863,14.59000015258789,14.59000015258789,3050400
2014-10-02,14.600000381469727,15.369999885559082,14.59000015258789,15.260000228881836,15.260000228881836,2067700
2014-10-03,15.390000343322754,15.390000343322754,14.649999618530273,15.069999694824219,15.069999694824219,1783300
2014-10-06,15.800000190734863,15.850000381469727,14.779999732971191,14.989999771118164,14.989999771118164,1687300
2014-10-07,14.779999732971191,14.8100004196167,14.420000076293945,14.4399995803833,14.4399995803833,1685600
2014-10-08,14.640000343322754,14.760000228881836,14.0600004196167,14.539999961853027,14.539999961853027,2034700
2014-10-09,14.460000038146973,14.970000267028809,14.359999656677246,14.710000038146973,14.710000038146973,1806000
2014-10-10,14.630000114440918,14.760000228881836,13.90999984741211,14.0600004196167,14.0600004196167,1833700
2014-10-13,14.039999961853027,14.199999809265137,13.399999618530273,13.609999656677246,13.609999656677246,1874100
2014-10-14,13.800000190734863,14.510000228881836,13.770000457763672,14.199999809265137,14.199999809265137,1546000
2014-10-15,13.789999961853027,14.850000381469727,13.609999656677246,14.6899995803833,14.6899995803833,1729700
2014-10-16,14.3100004196167,15.130000114440918,14.109999656677246,14.970000267028809,14.970000267028809,1449300
2014-10-17,15.1899995803833,15.460000038146973,14.989999771118164,15.050000190734863,15.050000190734863,1530700
2014-10-20,14.979999542236328,15.069999694824219,14.600000381469727,14.729999542236328,14.729999542236328,1085900
2014-10-21,14.829999923706055,15.229999542236328,14.609999656677246,15.069999694824219,15.069999694824219,1117100
2014-10-22,15.15999984741211,15.25,14.819999694824219,14.979999542236328,14.979999542236328,893900
2014-10-23,15.069999694824219,15.420000076293945,14.899999618530273,15.260000228881836,15.260000228881836,1037600
2014-10-24,15.220000267028809,15.569999694824219,15.109999656677246,15.470000267028809,15.470000267028809,917600
2014-10-27,15.369999885559082,15.6899995803833,15.220000267028809,15.630000114440918,15.630000114440918,1232600
2014-10-28,15.720000267028809,16.350000381469727,15.329999923706055,16.280000686645508,16.280000686645508,1798000
2014-10-29,16.270000457763672,16.5,15.829999923706055,16.469999313354492,16.469999313354492,2211600
2014-10-30,17.549999237060547,18.420000076293945,16.860000610351562,17.700000762939453,17.700000762939453,10056600
2014-10-31,18.030000686645508,18.979999542236328,17.899999618530273,18.84000015258789,18.84000015258789,8309100
2014-11-03,18.510000228881836,19.450000762939453,18.3700008392334,19.170000076293945,19.170000076293945,4526000
2014-11-04,19.049999237060547,19.170000076293945,18.25,18.489999771118164,18.489999771118164,4263700
2014-11-05,18.969999313354492,19.049999237060547,18.530000686645508,18.579999923706055,18.579999923706055,1954900
2014-11-06,18.670000076293945,18.719999313354492,18.190000534057617,18.43000030517578,18.43000030517578,1693500
2014-11-07,18.530000686645508,18.530000686645508,17.729999542236328,18.520000457763672,18.520000457763672,2615600
2014-11-10,18.600000381469727,19.1299991607666,18.239999771118164,18.93000030517578,18.93000030517578,3040500
2014-11-11,19.049999237060547,19.950000762939453,19.020000457763672,19.510000228881836,19.510000228881836,3294900
2014-11-12,19.43000030517578,20.030000686645508,19.06999969482422,19.75,19.75,2718200
2014-11-13,19.799999237060547,20.360000610351562,19.200000762939453,19.639999389648438,19.639999389648438,3492700
2014-11-14,19.510000228881836,20.690000534057617,19.420000076293945,20.190000534057617,20.190000534057617,3927200
2014-11-17,20.110000610351562,20.200000762939453,19.479999542236328,19.510000228881836,19.510000228881836,2508100
2014-11-18,19.600000381469727,20.530000686645508,19.600000381469727,20.1299991607666,20.1299991607666,2543600
2014-11-19,20.079999923706055,20.360000610351562,19.799999237060547,20.049999237060547,20.049999237060547,1751200
2014-11-20,19.93000030517578,20.940000534057617,19.760000228881836,20.56999969482422,20.56999969482422,2959600
2014-11-21,20.899999618530273,21.010000228881836,18.860000610351562,19.34000015258789,19.34000015258789,6346900
2014-11-24,19.170000076293945,19.780000686645508,19.170000076293945,19.719999313354492,19.719999313354492,2503900
2014-11-25,20.100000381469727,20.829999923706055,19.700000762939453,20.59000015258789,20.59000015258789,4030200
2014-11-26,21.549999237060547,22.350000381469727,21.139999389648438,21.8700008392334,21.8700008392334,9273000
2014-11-28,22.0,22.1200008392334,20.93000030517578,21.479999542236328,21.479999542236328,2437000
2014-12-01,21.350000381469727,22.399999618530273,20.790000915527344,22.09000015258789,22.09000015258789,4814100
2014-12-02,22.959999084472656,24.440000534057617,22.75,23.34000015258789,23.34000015258789,12757200
2014-12-03,22.329999923706055,22.979999542236328,21.6299991607666,22.860000610351562,22.860000610351562,7929600
2014-12-04,23.6299991607666,24.450000762939453,23.270000457763672,24.149999618530273,24.149999618530273,9251700
2014-12-05,24.5,25.020000457763672,24.100000381469727,24.81999969482422,24.81999969482422,4976200
2014-12-08,24.0,24.100000381469727,21.65999984741211,23.31999969482422,23.31999969482422,8693300
2014-12-09,21.56999969482422,23.31999969482422,21.059999465942383,23.260000228881836,23.260000228881836,5006500
2014-12-10,23.139999389648438,23.729999542236328,22.299999237060547,22.520000457763672,22.520000457763672,3687700
2014-12-11,23.5,23.729999542236328,22.860000610351562,23.190000534057617,23.190000534057617,3510300
2014-12-12,22.899999618530273,23.8799991607666,22.799999237060547,23.190000534057617,23.190000534057617,3295100
2014-12-15,23.389999389648438,23.440000534057617,22.760000228881836,22.8700008392334,22.8700008392334,2390700
2014-12-16,22.760000228881836,23.309999465942383,22.549999237060547,22.850000381469727,22.850000381469727,2577200
2014-12-17,24.149999618530273,24.860000610351562,23.760000228881836,24.610000610351562,24.610000610351562,5890500
2014-12-18,25.040000915527344,25.139999389648438,23.639999389648438,24.18000030517578,24.18000030517578,3247900
2014-12-19,24.18000030517578,24.260000228881836,23.610000610351562,23.979999542236328,23.979999542236328,2503800
2014-12-22,24.809999465942383,26.389999389648438,24.739999771118164,26.059999465942383,26.059999465942383,5922400
2014-12-23,26.690000534057617,27.100000381469727,25.649999618530273,26.020000457763672,26.020000457763672,4010600
2014-12-24,26.399999618530273,26.969999313354492,26.1200008392334,26.8700008392334,26.8700008392334,2141700
2014-12-26,27.010000228881836,27.649999618530273,26.540000915527344,26.90999984741211,26.90999984741211,2605300
2014-12-29,26.709999084472656,27.18000030517578,26.270000457763672,26.709999084472656,26.709999084472656,2040200
2014-12-30,26.549999237060547,27.0,26.459999084472656,26.81999969482422,26.81999969482422,1441800
2014-12-31,26.84000015258789,27.149999618530273,26.450000762939453,26.479999542236328,26.479999542236328,1767900
2015-01-02,26.700000762939453,26.75,25.559999465942383,26.510000228881836,26.510000228881836,2273500
2015-01-05,26.149999618530273,26.399999618530273,25.459999084472656,25.690000534057617,25.690000534057617,2443600
2015-01-06,26.110000610351562,26.219999313354492,24.739999771118164,25.56999969482422,25.56999969482422,3444900
2015-01-07,25.889999389648438,26.200000762939453,25.219999313354492,25.979999542236328,25.979999542236328,1646700
2015-01-08,26.190000534057617,26.65999984741211,25.75,26.6299991607666,26.6299991607666,2391200
2015-01-09,26.6200008392334,26.6299991607666,26.010000228881836,26.270000457763672,26.270000457763672,1445500
2015-01-12,26.239999771118164,26.40999984741211,25.530000686645508,25.84000015258789,25.84000015258789,1206500
2015-01-13,26.110000610351562,26.84000015258789,25.399999618530273,25.719999313354492,25.719999313354492,2214300
2015-01-14,25.329999923706055,26.239999771118164,25.1200008392334,25.90999984741211,25.90999984741211,1864900
2015-01-15,26.18000030517578,26.329999923706055,25.209999084472656,25.229999542236328,25.229999542236328,1451500
2015-01-16,25.299999237060547,25.6200008392334,24.969999313354492,25.360000610351562,25.360000610351562,1628700
2015-01-20,25.56999969482422,27.450000762939453,25.25,26.90999984741211,26.90999984741211,4400300
2015-01-21,26.780000686645508,27.190000534057617,26.270000457763672,26.799999237060547,26.799999237060547,2266200
2015-01-22,27.09000015258789,27.790000915527344,26.350000381469727,27.440000534057617,27.440000534057617,2382300
2015-01-23,27.3799991607666,28.299999237060547,27.18000030517578,27.610000610351562,27.610000610351562,1756500
2015-01-26,27.68000030517578,28.229999542236328,27.600000381469727,27.889999389648438,27.889999389648438,1384800
2015-01-27,27.469999313354492,28.030000686645508,27.3799991607666,27.690000534057617,27.690000534057617,1615300
2015-01-28,27.899999618530273,28.190000534057617,27.280000686645508,27.280000686645508,27.280000686645508,1477400
2015-01-29,27.229999542236328,27.81999969482422,26.559999465942383,27.809999465942383,27.809999465942383,1536800
2015-01-30,27.520000457763672,27.969999313354492,27.0,27.010000228881836,27.010000228881836,1231100
2015-02-02,26.979999542236328,27.020000457763672,25.920000076293945,26.899999618530273,26.899999618530273,1478800
2015-02-03,26.899999618530273,27.239999771118164,25.65999984741211,25.799999237060547,25.799999237060547,2326900
2015-02-04,25.799999237060547,26.649999618530273,25.770000457763672,26.420000076293945,26.420000076293945,1327700
2015-02-05,26.549999237060547,27.0,26.280000686645508,26.979999542236328,26.979999542236328,1166600
2015-02-06,26.979999542236328,27.15999984741211,26.299999237060547,26.639999389648438,26.639999389648438,1024800
2015-02-09,26.309999465942383,26.770000457763672,26.1200008392334,26.280000686645508,26.280000686645508,770100
2015-02-10,26.389999389648438,26.690000534057617,26.010000228881836,26.579999923706055,26.579999923706055,743300
2015-02-11,26.5,26.700000762939453,26.25,26.270000457763672,26.270000457763672,959600
2015-02-12,26.360000610351562,27.389999389648438,26.360000610351562,27.3799991607666,27.3799991607666,1355600
2015-02-13,27.3700008392334,27.8799991607666,26.889999389648438,26.959999084472656,26.959999084472656,1173100
2015-02-17,27.049999237060547,27.31999969482422,26.600000381469727,26.8700008392334,26.8700008392334,757400
2015-02-18,26.760000228881836,27.18000030517578,26.399999618530273,26.989999771118164,26.989999771118164,848700
2015-02-19,26.84000015258789,27.639999389648438,26.770000457763672,27.15999984741211,27.15999984741211,981000
2015-02-20,27.229999542236328,27.770000457763672,27.040000915527344,27.579999923706055,27.579999923706055,1142300
2015-02-23,27.719999313354492,27.93000030517578,27.219999313354492,27.760000228881836,27.760000228881836,1404900
2015-02-24,27.6200008392334,27.920000076293945,27.25,27.510000228881836,27.510000228881836,1165200
2015-02-25,27.420000076293945,27.56999969482422,26.729999542236328,27.049999237060547,27.049999237060547,2028900
2015-02-26,25.6200008392334,25.850000381469727,22.190000534057617,22.690000534057617,22.690000534057617,13127600
2015-02-27,23.40999984741211,23.93000030517578,23.100000381469727,23.479999542236328,23.479999542236328,5849400
2015-03-02,23.399999618530273,23.5,22.3799991607666,22.639999389648438,22.639999389648438,3108600
2015-03-03,22.780000686645508,22.899999618530273,21.540000915527344,21.93000030517578,21.93000030517578,3988200
2015-03-04,21.75,22.979999542236328,21.450000762939453,22.649999618530273,22.649999618530273,2698900
2015-03-05,22.84000015258789,22.920000076293945,22.299999237060547,22.540000915527344,22.540000915527344,1547700
2015-03-06,22.31999969482422,22.709999084472656,22.059999465942383,22.649999618530273,22.649999618530273,2126100
2015-03-09,22.600000381469727,22.799999237060547,21.940000534057617,22.030000686645508,22.030000686645508,1152000
2015-03-10,21.649999618530273,21.959999084472656,21.389999389648438,21.84000015258789,21.84000015258789,1330200
2015-03-11,21.829999923706055,22.25,21.700000762939453,22.059999465942383,22.059999465942383,1161700
2015-03-12,22.469999313354492,24.399999618530273,22.299999237060547,24.1299991607666,24.1299991607666,3242300
2015-03-13,24.100000381469727,24.190000534057617,23.690000534057617,23.93000030517578,23.93000030517578,1947400
2015-03-16,23.950000762939453,24.149999618530273,23.3799991607666,23.530000686645508,23.530000686645508,1179200
2015-03-17,23.3799991607666,23.700000762939453,23.239999771118164,23.440000534057617,23.440000534057617,1015500
2015-03-18,23.360000610351562,23.979999542236328,23.350000381469727,23.959999084472656,23.959999084472656,934800
2015-03-19,23.829999923706055,24.489999771118164,23.799999237060547,24.3700008392334,24.3700008392334,1067500
2015-03-20,24.59000015258789,24.600000381469727,24.0,24.09000015258789,24.09000015258789,1168000
2015-03-23,24.049999237060547,24.6200008392334,24.010000228881836,24.290000915527344,24.290000915527344,1304600
2015-03-24,24.389999389648438,25.649999618530273,24.389999389648438,25.299999237060547,25.299999237060547,1922600
2015-03-25,25.219999313354492,25.450000762939453,24.209999084472656,24.350000381469727,24.350000381469727,1464500
2015-03-26,24.170000076293945,24.3799991607666,23.790000915527344,24.209999084472656,24.209999084472656,938500
2015-03-27,24.149999618530273,24.6200008392334,23.920000076293945,24.06999969482422,24.06999969482422,872400
2015-03-30,24.149999618530273,24.8799991607666,24.1299991607666,24.6299991607666,24.6299991607666,767200
2015-03-31,24.899999618530273,25.0,24.059999465942383,24.110000610351562,24.110000610351562,1216400
2015-04-01,24.010000228881836,24.3799991607666,23.40999984741211,24.239999771118164,24.239999771118164,1020800
2015-04-02,24.209999084472656,24.469999313354492,24.040000915527344,24.440000534057617,24.440000534057617,746900
2015-04-06,24.190000534057617,24.709999084472656,24.15999984741211,24.510000228881836,24.510000228881836,654200
2015-04-07,24.459999084472656,25.0,24.399999618530273,24.530000686645508,24.530000686645508,766300
2015-04-08,24.850000381469727,25.31999969482422,24.139999389648438,25.15999984741211,25.15999984741211,1367600
2015-04-09,26.270000457763672,27.479999542236328,26.200000762939453,27.399999618530273,27.399999618530273,5254200
2015-04-10,27.479999542236328,27.5,26.799999237060547,27.06999969482422,27.06999969482422,2000200
2015-04-13,27.280000686645508,27.459999084472656,26.81999969482422,27.020000457763672,27.020000457763672,1053300
2015-04-14,27.149999618530273,27.579999923706055,26.600000381469727,26.829999923706055,26.829999923706055,1292500
2015-04-15,27.09000015258789,27.360000610351562,26.530000686645508,27.149999618530273,27.149999618530273,1545500
2015-04-16,27.010000228881836,28.610000610351562,26.850000381469727,27.829999923706055,27.829999923706055,3256100
2015-04-17,29.40999984741211,29.649999618530273,28.059999465942383,28.399999618530273,28.399999618530273,4558000
2015-04-20,29.010000228881836,30.469999313354492,28.600000381469727,30.3700008392334,30.3700008392334,4136500
2015-04-21,29.959999084472656,30.0,28.739999771118164,29.5,29.5,3068700
2015-04-22,28.790000915527344,29.670000076293945,28.700000762939453,29.5,29.5,1558600
2015-04-23,29.270000457763672,30.18000030517578,28.780000686645508,29.68000030517578,29.68000030517578,1643000
2015-04-24,29.6299991607666,30.0,29.510000228881836,29.670000076293945,29.670000076293945,1272700
2015-04-27,29.760000228881836,29.899999618530273,28.100000381469727,28.3700008392334,28.3700008392334,2566400
2015-04-28,28.850000381469727,29.350000381469727,28.049999237060547,28.889999389648438,28.889999389648438,3162900
2015-04-29,28.760000228881836,28.790000915527344,27.8799991607666,28.06999969482422,28.06999969482422,2600800
2015-04-30,30.739999771118164,31.149999618530273,29.239999771118164,30.190000534057617,30.190000534057617,8804800
2015-05-01,30.5,33.22999954223633,30.5,32.369998931884766,32.369998931884766,6940700
2015-05-04,32.83000183105469,34.2400016784668,32.18000030517578,33.70000076293945,33.70000076293945,6235900
2015-05-05,33.970001220703125,35.0,33.869998931884766,34.599998474121094,34.599998474121094,6241200
2015-05-06,34.97999954223633,34.97999954223633,33.5099983215332,34.40999984741211,34.40999984741211,3869900
2015-05-07,33.25,33.349998474121094,31.940000534057617,32.58000183105469,32.58000183105469,4577500
2015-05-08,32.790000915527344,32.88999938964844,31.1200008392334,31.940000534057617,31.940000534057617,4940700
2015-05-11,32.0,33.900001525878906,31.860000610351562,33.189998626708984,33.189998626708984,3494700
2015-05-12,32.849998474121094,34.0,32.529998779296875,33.65999984741211,33.65999984741211,2678600
2015-05-13,34.0,34.4900016784668,33.470001220703125,33.540000915527344,33.540000915527344,1801500
2015-05-14,33.54999923706055,33.95000076293945,33.0,33.70000076293945,33.70000076293945,1357400
2015-05-15,33.61000061035156,33.689998626708984,32.619998931884766,32.970001220703125,32.970001220703125,1867200
2015-05-18,31.829999923706055,32.4900016784668,30.3799991607666,32.43000030517578,32.43000030517578,4272300
2015-05-19,32.560001373291016,33.0,32.25,32.349998474121094,32.349998474121094,1528600
2015-05-20,32.29999923706055,32.47999954223633,31.420000076293945,31.860000610351562,31.860000610351562,1814800
2015-05-21,31.899999618530273,32.900001525878906,31.899999618530273,32.2599983215332,32.2599983215332,1371000
2015-05-22,32.380001068115234,32.43000030517578,31.729999542236328,31.8700008392334,31.8700008392334,1130000
2015-05-26,31.760000228881836,31.829999923706055,30.479999542236328,31.299999237060547,31.299999237060547,2777900
2015-05-27,31.350000381469727,31.649999618530273,31.239999771118164,31.40999984741211,31.40999984741211,1167400
2015-05-28,31.43000030517578,32.400001525878906,31.270000457763672,31.90999984741211,31.90999984741211,1646900
2015-05-29,31.709999084472656,31.90999984741211,31.420000076293945,31.579999923706055,31.579999923706055,1068500
2015-06-01,31.700000762939453,31.8700008392334,30.729999542236328,30.889999389648438,30.889999389648438,1733300
2015-06-02,30.770000457763672,31.610000610351562,30.6200008392334,31.510000228881836,31.510000228881836,1547500
2015-06-03,32.150001525878906,32.349998474121094,31.3700008392334,31.719999313354492,31.719999313354492,1829800
2015-06-04,31.530000686645508,32.25,31.030000686645508,31.360000610351562,31.360000610351562,1668700
2015-06-05,31.399999618530273,32.5,31.170000076293945,32.209999084472656,32.209999084472656,2042400
2015-06-08,32.349998474121094,33.16999816894531,32.0,32.880001068115234,32.880001068115234,3002400
2015-06-09,32.93000030517578,33.900001525878906,32.93000030517578,33.59000015258789,33.59000015258789,3020900
2015-06-10,33.75,35.15999984741211,33.75,34.959999084472656,34.959999084472656,3705300
2015-06-11,35.310001373291016,35.95000076293945,34.54999923706055,35.029998779296875,35.029998779296875,2712000
2015-06-12,34.7400016784668,34.77000045776367,33.75,33.9900016784668,33.9900016784668,2168700
2015-06-15,33.70000076293945,35.119998931884766,33.11000061035156,34.90999984741211,34.90999984741211,2001000
2015-06-16,34.790000915527344,35.220001220703125,34.41999816894531,34.599998474121094,34.599998474121094,1336600
2015-06-17,35.08000183105469,35.33000183105469,34.439998626708984,34.650001525878906,34.650001525878906,1586700
2015-06-18,35.27000045776367,35.790000915527344,34.810001373291016,34.959999084472656,34.959999084472656,2826200
2015-06-19,35.0,35.150001525878906,34.119998931884766,34.560001373291016,34.560001373291016,3051600
2015-06-22,34.720001220703125,34.880001068115234,33.790000915527344,34.0,34.0,2106900
2015-06-23,33.77000045776367,34.79999923706055,33.41999816894531,34.650001525878906,34.650001525878906,2197800
2015-06-24,34.5,34.599998474121094,33.709999084472656,33.779998779296875,33.779998779296875,1451600
2015-06-25,34.02000045776367,34.369998931884766,33.630001068115234,33.81999969482422,33.81999969482422,1443300
2015-06-26,33.86000061035156,34.11000061035156,33.459999084472656,33.560001373291016,33.560001373291016,1623900
2015-06-29,32.22999954223633,33.220001220703125,31.110000610351562,31.600000381469727,31.600000381469727,3515200
2015-06-30,32.040000915527344,33.470001220703125,31.610000610351562,33.310001373291016,33.310001373291016,2622600
2015-07-01,33.5,33.529998779296875,32.66999816894531,33.18000030517578,33.18000030517578,1589800
2015-07-02,33.18000030517578,33.400001525878906,32.29999923706055,32.5099983215332,32.5099983215332,969800
2015-07-06,31.81999969482422,32.900001525878906,31.790000915527344,32.22999954223633,32.22999954223633,1114300
2015-07-07,32.36000061035156,32.70000076293945,31.309999465942383,32.61000061035156,32.61000061035156,1509200
2015-07-08,32.18000030517578,32.4900016784668,31.110000610351562,31.389999389648438,31.389999389648438,1913200
2015-07-09,32.189998626708984,32.72999954223633,31.899999618530273,32.400001525878906,32.400001525878906,2138000
2015-07-10,32.95000076293945,33.18000030517578,32.599998474121094,33.040000915527344,33.040000915527344,976300
2015-07-13,33.13999938964844,33.439998626708984,32.52000045776367,33.06999969482422,33.06999969482422,1577100
2015-07-14,33.0099983215332,33.33000183105469,32.439998626708984,32.59000015258789,32.59000015258789,947300
2015-07-15,32.63999938964844,33.060001373291016,32.060001373291016,32.959999084472656,32.959999084472656,1899500
2015-07-16,32.93000030517578,34.79999923706055,32.93000030517578,34.369998931884766,34.369998931884766,2844500
2015-07-17,34.599998474121094,34.599998474121094,33.810001373291016,34.0,34.0,1178700
2015-07-20,34.099998474121094,34.90999984741211,32.5,32.54999923706055,32.54999923706055,2387300
2015-07-21,32.459999084472656,32.959999084472656,32.0099983215332,32.630001068115234,32.630001068115234,983800
2015-07-22,32.59000015258789,33.36000061035156,32.150001525878906,32.20000076293945,32.20000076293945,1334200
2015-07-23,32.220001220703125,32.529998779296875,31.6200008392334,31.709999084472656,31.709999084472656,1166900
2015-07-24,31.84000015258789,32.209999084472656,30.639999389648438,30.899999618530273,30.899999618530273,1613700
2015-07-27,30.760000228881836,30.899999618530273,29.170000076293945,30.329999923706055,30.329999923706055,1817300
2015-07-28,30.3799991607666,31.100000381469727,29.350000381469727,30.780000686645508,30.780000686645508,2107300
2015-07-29,31.100000381469727,31.780000686645508,30.399999618530273,31.700000762939453,31.700000762939453,2276700
2015-07-30,32.029998779296875,32.81999969482422,27.6299991607666,28.110000610351562,28.110000610351562,9392100
2015-07-31,28.610000610351562,28.799999237060547,26.25,27.219999313354492,27.219999313354492,5854600
2015-08-03,27.030000686645508,27.079999923706055,25.100000381469727,25.1299991607666,25.1299991607666,3796100
2015-08-04,25.530000686645508,26.540000915527344,25.290000915527344,26.229999542236328,26.229999542236328,3771000
2015-08-05,26.049999237060547,26.420000076293945,25.260000228881836,25.31999969482422,25.31999969482422,2575100
2015-08-06,25.450000762939453,25.600000381469727,23.950000762939453,24.450000762939453,24.450000762939453,2352500
2015-08-07,24.200000762939453,24.280000686645508,23.030000686645508,24.040000915527344,24.040000915527344,1770100
2015-08-10,24.030000686645508,25.229999542236328,23.790000915527344,24.649999618530273,24.649999618530273,2280200
2015-08-11,24.25,24.84000015258789,23.81999969482422,24.229999542236328,24.229999542236328,1446300
2015-08-12,23.600000381469727,23.850000381469727,22.729999542236328,23.25,23.25,1932700
2015-08-13,23.760000228881836,24.479999542236328,23.239999771118164,24.079999923706055,24.079999923706055,1714100
2015-08-14,23.90999984741211,24.200000762939453,23.530000686645508,23.989999771118164,23.989999771118164,939200
2015-08-17,23.600000381469727,24.40999984741211,23.56999969482422,24.290000915527344,24.290000915527344,962900
2015-08-18,23.979999542236328,24.229999542236328,23.5,23.90999984741211,23.90999984741211,1048200
2015-08-19,23.5,23.649999618530273,22.600000381469727,23.020000457763672,23.020000457763672,1990500
2015-08-20,22.559999465942383,22.8700008392334,21.450000762939453,21.700000762939453,21.700000762939453,2354500
2015-08-21,21.0,22.079999923706055,20.260000228881836,21.290000915527344,21.290000915527344,3962300
2015-08-24,19.010000228881836,20.399999618530273,18.049999237060547,20.399999618530273,20.399999618530273,3258000
2015-08-25,21.200000762939453,22.209999084472656,20.729999542236328,21.360000610351562,21.360000610351562,2262300
2015-08-26,21.8799991607666,22.829999923706055,21.3700008392334,22.3700008392334,22.3700008392334,2918400
2015-08-27,22.850000381469727,23.790000915527344,22.350000381469727,23.6299991607666,23.6299991607666,3000500
2015-08-28,23.59000015258789,23.889999389648438,23.31999969482422,23.709999084472656,23.709999084472656,1536500
2015-08-31,23.450000762939453,23.829999923706055,23.299999237060547,23.399999618530273,23.399999618530273,1181400
2015-09-01,22.75,23.06999969482422,22.399999618530273,22.5,22.5,1465000
2015-09-02,23.190000534057617,24.18000030517578,22.969999313354492,23.8700008392334,23.8700008392334,2046200
2015-09-03,23.829999923706055,24.25,23.3700008392334,23.450000762939453,23.450000762939453,1210000
2015-09-04,23.239999771118164,23.950000762939453,23.020000457763672,23.6299991607666,23.6299991607666,725600
2015-09-08,24.030000686645508,24.489999771118164,23.90999984741211,24.280000686645508,24.280000686645508,1188400
2015-09-09,24.450000762939453,24.5,23.709999084472656,23.760000228881836,23.760000228881836,1042400
2015-09-10,23.649999618530273,24.020000457763672,23.540000915527344,23.760000228881836,23.760000228881836,707400
2015-09-11,23.450000762939453,23.850000381469727,23.25,23.729999542236328,23.729999542236328,695800
2015-09-14,23.68000030517578,24.030000686645508,23.6299991607666,23.8700008392334,23.8700008392334,710100
2015-09-15,23.969999313354492,24.31999969482422,23.350000381469727,24.139999389648438,24.139999389648438,754300
2015-09-16,24.170000076293945,24.31999969482422,23.950000762939453,24.020000457763672,24.020000457763672,1115000
2015-09-17,23.940000534057617,24.5,23.940000534057617,24.18000030517578,24.18000030517578,1192300
2015-09-18,23.75,24.170000076293945,23.75,23.959999084472656,23.959999084472656,1376800
2015-09-21,24.0,24.15999984741211,23.559999465942383,23.809999465942383,23.809999465942383,1299900
2015-09-22,23.40999984741211,23.780000686645508,23.18000030517578,23.3700008392334,23.3700008392334,1369700
2015-09-23,23.40999984741211,23.889999389648438,23.139999389648438,23.209999084472656,23.209999084472656,1484100
2015-09-24,23.559999465942383,24.43000030517578,23.34000015258789,24.040000915527344,24.040000915527344,1733300
2015-09-25,24.360000610351562,24.3799991607666,23.440000534057617,23.579999923706055,23.579999923706055,1429700
2015-09-28,23.479999542236328,23.540000915527344,21.770000457763672,21.950000762939453,21.950000762939453,1742400
2015-09-29,21.989999771118164,22.049999237060547,21.299999237060547,21.579999923706055,21.579999923706055,1284200
2015-09-30,21.889999389648438,22.229999542236328,21.610000610351562,22.030000686645508,22.030000686645508,1459200
2015-10-01,22.06999969482422,22.450000762939453,21.75,22.229999542236328,22.229999542236328,859500
2015-10-02,21.84000015258789,22.639999389648438,21.709999084472656,22.59000015258789,22.59000015258789,844700
2015-10-05,22.760000228881836,23.399999618530273,22.65999984741211,23.309999465942383,23.309999465942383,854900
2015-10-06,23.350000381469727,24.219999313354492,23.229999542236328,23.969999313354492,23.969999313354492,1222300
2015-10-07,24.239999771118164,25.729999542236328,24.1299991607666,25.65999984741211,25.65999984741211,2642100
2015-10-08,25.729999542236328,26.110000610351562,24.6200008392334,25.34000015258789,25.34000015258789,2159400
2015-10-09,26.479999542236328,26.479999542236328,24.549999237060547,24.700000762939453,24.700000762939453,1833000
2015-10-12,24.670000076293945,24.700000762939453,24.020000457763672,24.219999313354492,24.219999313354492,716800
2015-10-13,24.100000381469727,24.34000015258789,23.639999389648438,23.719999313354492,23.719999313354492,911200
2015-10-14,23.649999618530273,23.989999771118164,23.31999969482422,23.389999389648438,23.389999389648438,905100
2015-10-15,23.56999969482422,24.25,23.5,24.219999313354492,24.219999313354492,1186000
2015-10-16,24.31999969482422,24.68000030517578,24.049999237060547,24.6299991607666,24.6299991607666,901300
2015-10-19,24.549999237060547,24.899999618530273,24.469999313354492,24.770000457763672,24.770000457763672,696300
2015-10-20,24.670000076293945,25.829999923706055,20.989999771118164,22.100000381469727,22.100000381469727,6090000
2015-10-21,22.209999084472656,22.25,21.399999618530273,21.829999923706055,21.829999923706055,2712700
2015-10-22,21.860000610351562,22.260000228881836,21.6299991607666,22.030000686645508,22.030000686645508,1017500
2015-10-23,22.170000076293945,22.6200008392334,22.0,22.360000610351562,22.360000610351562,970100
2015-10-26,23.219999313354492,24.229999542236328,22.829999923706055,23.559999465942383,23.559999465942383,2336000
2015-10-27,23.979999542236328,23.989999771118164,22.559999465942383,22.920000076293945,22.920000076293945,1707200
2015-10-28,23.030000686645508,23.489999771118164,22.549999237060547,23.479999542236328,23.479999542236328,1347500
2015-10-29,23.5,24.100000381469727,23.020000457763672,23.389999389648438,23.389999389648438,1456900
2015-10-30,23.440000534057617,23.59000015258789,22.729999542236328,23.40999984741211,23.40999984741211,1201400
2015-11-02,23.399999618530273,24.190000534057617,23.200000762939453,23.8799991607666,23.8799991607666,2109100
2015-11-03,23.0,23.0,20.25,20.90999984741211,20.90999984741211,9401900
2015-11-04,21.420000076293945,21.969999313354492,20.270000457763672,20.579999923706055,20.579999923706055,4361300
2015-11-05,20.440000534057617,20.90999984741211,18.799999237060547,20.15999984741211,20.15999984741211,3876200
2015-11-06,20.06999969482422,20.360000610351562,19.8799991607666,20.190000534057617,20.190000534057617,2253900
2015-11-09,20.18000030517578,20.200000762939453,18.959999084472656,19.239999771118164,19.239999771118164,2313100
2015-11-10,19.049999237060547,19.25,18.549999237060547,18.809999465942383,18.809999465942383,2149700
2015-11-11,18.75,18.860000610351562,18.389999389648438,18.549999237060547,18.549999237060547,1192900
2015-11-12,18.3799991607666,18.469999313354492,18.06999969482422,18.110000610351562,18.110000610351562,1337100
2015-11-13,18.0,18.06999969482422,17.079999923706055,17.399999618530273,17.399999618530273,2464500
2015-11-16,17.25,17.6200008392334,17.190000534057617,17.3799991607666,17.3799991607666,1827700
2015-11-17,17.399999618530273,17.5,16.739999771118164,16.760000228881836,16.760000228881836,1924700
2015-11-18,18.1200008392334,19.100000381469727,18.0,18.329999923706055,18.329999923706055,4707100
2015-11-19,18.549999237060547,18.639999389648438,17.65999984741211,17.81999969482422,17.81999969482422,1902800
2015-11-20,17.889999389648438,18.15999984741211,17.75,18.15999984741211,18.15999984741211,1650600
2015-11-23,18.280000686645508,18.43000030517578,18.010000228881836,18.239999771118164,18.239999771118164,1470700
2015-11-24,19.479999542236328,19.84000015258789,18.780000686645508,19.309999465942383,19.309999465942383,3342100
2015-11-25,19.350000381469727,19.5,19.100000381469727,19.270000457763672,19.270000457763672,1535800
2015-11-27,19.219999313354492,19.270000457763672,18.510000228881836,18.84000015258789,18.84000015258789,883800
2015-11-30,18.959999084472656,19.170000076293945,18.6200008392334,18.700000762939453,18.700000762939453,925400
2015-12-01,18.770000457763672,18.850000381469727,18.200000762939453,18.389999389648438,18.389999389648438,1225500
2015-12-02,18.309999465942383,18.440000534057617,17.780000686645508,18.030000686645508,18.030000686645508,1964100
2015-12-03,18.1299991607666,18.34000015258789,17.65999984741211,17.84000015258789,17.84000015258789,1550800
2015-12-04,17.68000030517578,17.969999313354492,17.459999084472656,17.770000457763672,17.770000457763672,1361200
2015-12-07,17.8799991607666,17.920000076293945,16.979999542236328,17.270000457763672,17.270000457763672,1461000
2015-12-08,16.989999771118164,17.149999618530273,16.700000762939453,16.93000030517578,16.93000030517578,1784900
2015-12-09,16.780000686645508,17.040000915527344,16.329999923706055,16.6299991607666,16.6299991607666,1901700
2015-12-10,16.950000762939453,17.940000534057617,16.799999237060547,17.729999542236328,17.729999542236328,2387900
2015-12-11,17.3700008392334,17.6200008392334,16.950000762939453,17.030000686645508,17.030000686645508,1521500
2015-12-14,17.059999465942383,17.110000610351562,16.139999389648438,16.290000915527344,16.290000915527344,1821200
2015-12-15,16.389999389648438,17.219999313354492,16.3799991607666,17.0,17.0,1494400
2015-12-16,17.149999618530273,17.15999984741211,16.549999237060547,16.780000686645508,16.780000686645508,1235100
2015-12-17,16.809999465942383,17.309999465942383,16.760000228881836,16.979999542236328,16.979999542236328,1082200
2015-12-18,16.889999389648438,17.360000610351562,16.780000686645508,16.889999389648438,16.889999389648438,1634900
2015-12-21,17.079999923706055,18.100000381469727,17.010000228881836,17.93000030517578,17.93000030517578,1788500
2015-12-22,18.0,18.049999237060547,17.139999389648438,17.5,17.5,1277700
2015-12-23,17.579999923706055,18.34000015258789,17.43000030517578,18.030000686645508,18.030000686645508,1062000
2015-12-24,17.93000030517578,18.229999542236328,17.6200008392334,17.850000381469727,17.850000381469727,596400
2015-12-28,17.700000762939453,17.81999969482422,17.139999389648438,17.25,17.25,1059100
2015-12-29,17.290000915527344,17.649999618530273,17.020000457763672,17.40999984741211,17.40999984741211,1090400
2015-12-30,17.520000457763672,18.75,17.5,17.809999465942383,17.809999465942383,1868400
2015-12-31,17.760000228881836,17.809999465942383,17.25,17.290000915527344,17.290000915527344,1232700
2016-01-04,17.0,17.1200008392334,16.5,16.829999923706055,16.829999923706055,1409600
2016-01-05,16.979999542236328,17.209999084472656,16.6200008392334,17.020000457763672,17.020000457763672,1248800
2016-01-06,17.920000076293945,18.3700008392334,17.399999618530273,17.639999389648438,17.639999389648438,3030500
2016-01-07,17.200000762939453,17.489999771118164,16.5,16.59000015258789,16.59000015258789,2071200
2016-01-08,16.799999237060547,17.1200008392334,16.239999771118164,16.280000686645508,16.280000686645508,1242000
2016-01-11,16.5,16.719999313354492,15.569999694824219,15.859999656677246,15.859999656677246,1618300
2016-01-12,16.020000457763672,16.459999084472656,15.579999923706055,16.020000457763672,16.020000457763672,1333300
2016-01-13,16.09000015258789,16.360000610351562,15.329999923706055,15.40999984741211,15.40999984741211,1227000
2016-01-14,15.4399995803833,15.800000190734863,14.930000305175781,15.479999542236328,15.479999542236328,1591000
2016-01-15,14.699999809265137,15.210000038146973,14.25,14.630000114440918,14.630000114440918,2356100
2016-01-19,14.630000114440918,14.890000343322754,14.1899995803833,14.5,14.5,1485400
2016-01-20,14.149999618530273,15.420000076293945,13.5600004196167,15.100000381469727,15.100000381469727,3081200
2016-01-21,15.859999656677246,16.68000030517578,15.579999923706055,15.65999984741211,15.65999984741211,3034500
2016-01-22,16.059999465942383,16.209999084472656,15.279999732971191,15.430000305175781,15.430000305175781,1361800
2016-01-25,15.270000457763672,15.350000381469727,14.720000267028809,15.020000457763672,15.020000457763672,1531900
2016-01-26,15.079999923706055,15.869999885559082,14.720000267028809,15.850000381469727,15.850000381469727,1445800
2016-01-27,15.630000114440918,15.729999542236328,15.119999885559082,15.149999618530273,15.149999618530273,776900
2016-01-28,15.329999923706055,15.550000190734863,14.739999771118164,14.800000190734863,14.800000190734863,1000200
2016-01-29,14.859999656677246,15.399999618530273,14.859999656677246,15.390000343322754,15.390000343322754,1167700
2016-02-01,15.170000076293945,15.550000190734863,14.800000190734863,15.430000305175781,15.430000305175781,948200
2016-02-02,15.220000267028809,15.329999923706055,14.460000038146973,14.75,14.75,1617100
2016-02-03,14.800000190734863,15.149999618530273,14.220000267028809,15.0600004196167,15.0600004196167,905000
2016-02-04,15.0600004196167,15.9399995803833,15.010000228881836,15.800000190734863,15.800000190734863,1333400
2016-02-05,15.640000343322754,15.949999809265137,15.180000305175781,15.529999732971191,15.529999732971191,1198900
2016-02-08,15.239999771118164,15.380000114440918,14.720000267028809,15.380000114440918,15.380000114440918,1190400
2016-02-09,15.100000381469727,15.449999809265137,14.84000015258789,15.369999885559082,15.369999885559082,1042600
2016-02-10,15.449999809265137,16.190000534057617,15.390000343322754,15.479999542236328,15.479999542236328,1086600
2016-02-11,15.09000015258789,15.720000267028809,15.029999732971191,15.40999984741211,15.40999984741211,1124200
2016-02-12,15.550000190734863,15.680000305175781,15.0,15.430000305175781,15.430000305175781,803000
2016-02-16,15.630000114440918,16.350000381469727,15.40999984741211,16.31999969482422,16.31999969482422,1033100
2016-02-17,16.399999618530273,17.229999542236328,16.200000762939453,17.1299991607666,17.1299991607666,1460100
2016-02-18,17.200000762939453,17.389999389648438,16.639999389648438,17.110000610351562,17.110000610351562,801600
2016-02-19,17.030000686645508,17.1299991607666,16.709999084472656,17.1200008392334,17.1200008392334,938400
2016-02-22,17.239999771118164,17.31999969482422,17.049999237060547,17.260000228881836,17.260000228881836,1137900
2016-02-23,17.1299991607666,17.270000457763672,16.959999084472656,17.0,17.0,684300
2016-02-24,16.799999237060547,17.239999771118164,16.299999237060547,17.219999313354492,17.219999313354492,956300
2016-02-25,17.200000762939453,17.3700008392334,16.84000015258789,17.209999084472656,17.209999084472656,980200
2016-02-26,17.280000686645508,17.799999237060547,17.270000457763672,17.479999542236328,17.479999542236328,1327500
2016-02-29,20.520000457763672,20.690000534057617,19.299999237060547,19.3799991607666,19.3799991607666,7322000
2016-03-01,19.110000610351562,19.56999969482422,18.520000457763672,19.440000534057617,19.440000534057617,2670900
2016-03-02,19.389999389648438,19.780000686645508,19.25,19.520000457763672,19.520000457763672,1601300
2016-03-03,19.479999542236328,19.739999771118164,19.110000610351562,19.469999313354492,19.469999313354492,1260200
2016-03-04,19.440000534057617,19.850000381469727,19.170000076293945,19.450000762939453,19.450000762939453,1515500
2016-03-07,19.399999618530273,20.579999923706055,19.34000015258789,19.850000381469727,19.850000381469727,2110700
2016-03-08,19.809999465942383,20.219999313354492,19.520000457763672,19.540000915527344,19.540000915527344,1377600
2016-03-09,19.6299991607666,19.81999969482422,19.399999618530273,19.540000915527344,19.540000915527344,666600
2016-03-10,19.68000030517578,19.90999984741211,19.15999984741211,19.329999923706055,19.329999923706055,952300
2016-03-11,19.459999084472656,19.719999313354492,19.219999313354492,19.530000686645508,19.530000686645508,812200
2016-03-14,19.450000762939453,19.530000686645508,19.15999984741211,19.329999923706055,19.329999923706055,794500
2016-03-15,19.170000076293945,19.290000915527344,18.31999969482422,18.3700008392334,18.3700008392334,1333900
2016-03-16,18.219999313354492,18.829999923706055,18.200000762939453,18.5,18.5,1138700
2016-03-17,18.5,19.100000381469727,18.440000534057617,18.8799991607666,18.8799991607666,1345200
2016-03-18,18.979999542236328,19.209999084472656,18.940000534057617,19.079999923706055,19.079999923706055,1467000
2016-03-21,19.0,19.469999313354492,18.780000686645508,18.959999084472656,18.959999084472656,814500
2016-03-22,18.889999389648438,19.209999084472656,18.709999084472656,18.729999542236328,18.729999542236328,632800
2016-03-23,18.6299991607666,18.760000228881836,18.3700008392334,18.3799991607666,18.3799991607666,965200
2016-03-24,18.280000686645508,18.40999984741211,18.100000381469727,18.270000457763672,18.270000457763672,636000
2016-03-28,18.31999969482422,18.600000381469727,18.200000762939453,18.309999465942383,18.309999465942383,470600
2016-03-29,18.350000381469727,19.530000686645508,18.280000686645508,19.520000457763672,19.520000457763672,1381400
2016-03-30,19.719999313354492,19.829999923706055,19.420000076293945,19.6200008392334,19.6200008392334,1130200
2016-03-31,19.579999923706055,19.889999389648438,19.3799991607666,19.6299991607666,19.6299991607666,899900
2016-04-01,19.420000076293945,19.600000381469727,19.0,19.049999237060547,19.049999237060547,1004500
2016-04-04,19.0,19.209999084472656,18.600000381469727,18.6200008392334,18.6200008392334,835100
2016-04-05,18.520000457763672,18.65999984741211,18.40999984741211,18.540000915527344,18.540000915527344,641600
2016-04-06,18.489999771118164,18.770000457763672,18.450000762939453,18.68000030517578,18.68000030517578,726100
2016-04-07,18.469999313354492,18.950000762939453,18.440000534057617,18.610000610351562,18.610000610351562,750000
2016-04-08,18.860000610351562,18.93000030517578,18.239999771118164,18.299999237060547,18.299999237060547,660000
2016-04-11,18.459999084472656,18.770000457763672,18.389999389648438,18.459999084472656,18.459999084472656,595700
2016-04-12,18.520000457763672,19.0,18.389999389648438,18.829999923706055,18.829999923706055,609500
2016-04-13,18.989999771118164,19.6299991607666,18.920000076293945,19.520000457763672,19.520000457763672,886300
2016-04-14,19.56999969482422,19.729999542236328,19.280000686645508,19.31999969482422,19.31999969482422,544800
2016-04-15,19.209999084472656,19.389999389648438,18.889999389648438,19.139999389648438,19.139999389648438,481600
2016-04-18,18.0,18.84000015258789,17.799999237060547,18.489999771118164,18.489999771118164,2237700
2016-04-19,18.510000228881836,18.93000030517578,18.290000915527344,18.6299991607666,18.6299991607666,894800
2016-04-20,18.68000030517578,18.899999618530273,18.43000030517578,18.540000915527344,18.540000915527344,715500
2016-04-21,19.010000228881836,19.100000381469727,18.56999969482422,18.670000076293945,18.670000076293945,789600
2016-04-22,18.540000915527344,18.799999237060547,18.450000762939453,18.670000076293945,18.670000076293945,641900
2016-04-25,18.520000457763672,18.719999313354492,18.030000686645508,18.149999618530273,18.149999618530273,780000
2016-04-26,18.139999389648438,18.479999542236328,18.06999969482422,18.43000030517578,18.43000030517578,551600
2016-04-27,18.360000610351562,18.709999084472656,18.219999313354492,18.610000610351562,18.610000610351562,705200
2016-04-28,18.40999984741211,18.690000534057617,18.09000015258789,18.110000610351562,18.110000610351562,838200
2016-04-29,18.1299991607666,18.520000457763672,18.110000610351562,18.260000228881836,18.260000228881836,568300
2016-05-02,18.25,18.600000381469727,18.1299991607666,18.530000686645508,18.530000686645508,498600
2016-05-03,18.280000686645508,18.3700008392334,17.56999969482422,17.799999237060547,17.799999237060547,820000
2016-05-04,17.610000610351562,17.75,17.18000030517578,17.65999984741211,17.65999984741211,1475600
2016-05-05,18.239999771118164,19.1299991607666,17.760000228881836,18.309999465942383,18.309999465942383,2697800
2016-05-06,18.0,18.389999389648438,17.760000228881836,18.139999389648438,18.139999389648438,1179000
2016-05-09,18.09000015258789,18.670000076293945,18.049999237060547,18.559999465942383,18.559999465942383,682100
2016-05-10,18.65999984741211,19.40999984741211,18.479999542236328,19.40999984741211,19.40999984741211,1044900
2016-05-11,19.329999923706055,20.0,19.200000762939453,19.790000915527344,19.790000915527344,1209600
2016-05-12,19.8700008392334,19.989999771118164,19.31999969482422,19.700000762939453,19.700000762939453,1006600
2016-05-13,19.639999389648438,19.719999313354492,19.309999465942383,19.3700008392334,19.3700008392334,580200
2016-05-16,19.389999389648438,19.959999084472656,19.34000015258789,19.3700008392334,19.3700008392334,1188400
2016-05-17,19.420000076293945,20.93000030517578,19.3700008392334,20.700000762939453,20.700000762939453,2554600
2016-05-18,20.639999389648438,21.270000457763672,20.479999542236328,20.780000686645508,20.780000686645508,1892100
2016-05-19,20.600000381469727,21.200000762939453,20.309999465942383,21.1200008392334,21.1200008392334,965800
2016-05-20,21.149999618530273,21.75,21.030000686645508,21.700000762939453,21.700000762939453,959200
2016-05-23,21.739999771118164,21.770000457763672,21.3799991607666,21.450000762939453,21.450000762939453,636100
2016-05-24,21.510000228881836,21.920000076293945,21.469999313354492,21.860000610351562,21.860000610351562,773400
2016-05-25,21.950000762939453,22.15999984741211,21.8799991607666,21.940000534057617,21.940000534057617,663100
2016-05-26,21.940000534057617,22.06999969482422,21.770000457763672,22.020000457763672,22.020000457763672,536800
2016-05-27,22.010000228881836,22.15999984741211,21.829999923706055,21.959999084472656,21.959999084472656,573000
2016-05-31,22.010000228881836,22.420000076293945,21.81999969482422,22.3700008392334,22.3700008392334,632700
2016-06-01,22.309999465942383,22.399999618530273,21.979999542236328,22.31999969482422,22.31999969482422,759700
2016-06-02,22.260000228881836,22.8799991607666,22.049999237060547,22.850000381469727,22.850000381469727,732600
2016-06-03,22.8700008392334,22.940000534057617,22.56999969482422,22.760000228881836,22.760000228881836,795700
2016-06-06,22.760000228881836,23.040000915527344,22.75,22.969999313354492,22.969999313354492,663900
2016-06-07,23.0,23.309999465942383,22.8799991607666,23.079999923706055,23.079999923706055,632700
2016-06-08,23.18000030517578,23.549999237060547,23.079999923706055,23.520000457763672,23.520000457763672,629000
2016-06-09,23.469999313354492,23.770000457763672,23.229999542236328,23.299999237060547,23.299999237060547,835800
2016-06-10,23.139999389648438,23.219999313354492,22.649999618530273,22.760000228881836,22.760000228881836,678700
2016-06-13,22.729999542236328,22.959999084472656,22.399999618530273,22.75,22.75,604100
2016-06-14,22.649999618530273,22.969999313354492,22.43000030517578,22.65999984741211,22.65999984741211,544300
2016-06-15,22.81999969482422,22.959999084472656,22.559999465942383,22.770000457763672,22.770000457763672,413600
2016-06-16,22.6299991607666,22.690000534057617,22.200000762939453,22.6200008392334,22.6200008392334,516100
2016-06-17,22.700000762939453,23.09000015258789,22.31999969482422,22.93000030517578,22.93000030517578,1284300
2016-06-20,23.15999984741211,23.59000015258789,22.93000030517578,23.350000381469727,23.350000381469727,621900
2016-06-21,23.299999237060547,23.399999618530273,22.969999313354492,23.1200008392334,23.1200008392334,315200
2016-06-22,23.239999771118164,23.8799991607666,23.219999313354492,23.670000076293945,23.670000076293945,844600
2016-06-23,23.950000762939453,24.079999923706055,23.700000762939453,23.959999084472656,23.959999084472656,586300
2016-06-24,22.43000030517578,23.40999984741211,22.25,22.979999542236328,22.979999542236328,1501400
2016-06-27,22.739999771118164,23.290000915527344,22.530000686645508,22.760000228881836,22.760000228881836,892300
2016-06-28,23.100000381469727,23.920000076293945,23.100000381469727,23.549999237060547,23.549999237060547,796600
2016-06-29,23.889999389648438,24.299999237060547,23.65999984741211,24.219999313354492,24.219999313354492,777900
2016-06-30,24.3799991607666,24.940000534057617,24.09000015258789,24.8799991607666,24.8799991607666,1180800
2016-07-01,25.0,25.0,24.649999618530273,24.889999389648438,24.889999389648438,627800
2016-07-05,24.670000076293945,25.1299991607666,24.459999084472656,25.100000381469727,25.100000381469727,625800
2016-07-06,25.56999969482422,25.59000015258789,24.950000762939453,25.049999237060547,25.049999237060547,1308200
2016-07-07,25.09000015258789,25.850000381469727,25.09000015258789,25.770000457763672,25.770000457763672,994900
2016-07-08,26.989999771118164,27.799999237060547,26.700000762939453,27.299999237060547,27.299999237060547,3315900
2016-07-11,27.600000381469727,28.579999923706055,27.5,27.65999984741211,27.65999984741211,2054600
2016-07-12,28.020000457763672,28.18000030517578,26.389999389648438,27.0,27.0,2184100
2016-07-13,27.040000915527344,27.329999923706055,26.709999084472656,27.010000228881836,27.010000228881836,1363000
2016-07-14,27.170000076293945,27.739999771118164,27.100000381469727,27.649999618530273,27.649999618530273,1113300
2016-07-15,27.700000762939453,27.860000610351562,27.1200008392334,27.200000762939453,27.200000762939453,701200
2016-07-18,27.770000457763672,28.420000076293945,27.43000030517578,27.989999771118164,27.989999771118164,1576500
2016-07-19,28.0,28.469999313354492,27.6299991607666,28.1200008392334,28.1200008392334,1144800
2016-07-20,28.170000076293945,28.709999084472656,27.81999969482422,28.260000228881836,28.260000228881836,1022400
2016-07-21,28.200000762939453,28.440000534057617,28.010000228881836,28.200000762939453,28.200000762939453,824100
2016-07-22,28.139999389648438,28.649999618530273,27.8700008392334,28.479999542236328,28.479999542236328,869400
2016-07-25,28.530000686645508,28.739999771118164,28.40999984741211,28.5,28.5,764500
2016-07-26,28.68000030517578,28.920000076293945,28.389999389648438,28.65999984741211,28.65999984741211,663800
2016-07-27,28.81999969482422,28.989999771118164,28.56999969482422,28.780000686645508,28.780000686645508,818900
2016-07-28,28.799999237060547,28.850000381469727,28.420000076293945,28.489999771118164,28.489999771118164,801100
2016-07-29,28.600000381469727,29.079999923706055,28.049999237060547,28.959999084472656,28.959999084472656,1149100
2016-08-01,29.209999084472656,29.579999923706055,28.940000534057617,29.15999984741211,29.15999984741211,772000
2016-08-02,29.18000030517578,29.420000076293945,28.530000686645508,28.84000015258789,28.84000015258789,848500
2016-08-03,28.799999237060547,29.0,28.399999618530273,28.719999313354492,28.719999313354492,889700
2016-08-04,28.719999313354492,29.149999618530273,28.510000228881836,28.950000762939453,28.950000762939453,1418100
2016-08-05,29.600000381469727,30.149999618530273,28.479999542236328,29.260000228881836,29.260000228881836,2508300
2016-08-08,29.25,29.459999084472656,28.6299991607666,28.739999771118164,28.739999771118164,1440000
2016-08-09,28.729999542236328,29.06999969482422,28.530000686645508,28.690000534057617,28.690000534057617,1110300
2016-08-10,28.540000915527344,28.760000228881836,28.18000030517578,28.68000030517578,28.68000030517578,774600
2016-08-11,28.6299991607666,29.440000534057617,28.6299991607666,29.1200008392334,29.1200008392334,842900
2016-08-12,29.0,29.350000381469727,28.850000381469727,29.1200008392334,29.1200008392334,508200
2016-08-15,29.1200008392334,29.530000686645508,28.90999984741211,29.43000030517578,29.43000030517578,698700
2016-08-16,29.520000457763672,29.799999237060547,29.290000915527344,29.450000762939453,29.450000762939453,746100
2016-08-17,29.34000015258789,29.600000381469727,29.25,29.350000381469727,29.350000381469727,827200
2016-08-18,29.260000228881836,29.559999465942383,29.139999389648438,29.43000030517578,29.43000030517578,522400
2016-08-19,29.3799991607666,29.399999618530273,29.030000686645508,29.110000610351562,29.110000610351562,687800
2016-08-22,29.049999237060547,29.209999084472656,28.6299991607666,29.040000915527344,29.040000915527344,707500
2016-08-23,29.100000381469727,29.290000915527344,28.850000381469727,28.93000030517578,28.93000030517578,758900
2016-08-24,28.93000030517578,29.149999618530273,28.350000381469727,28.5,28.5,949400
2016-08-25,28.450000762939453,28.8799991607666,28.40999984741211,28.690000534057617,28.690000534057617,520300
2016-08-26,28.670000076293945,28.84000015258789,28.420000076293945,28.510000228881836,28.510000228881836,505400
2016-08-29,28.559999465942383,28.950000762939453,28.559999465942383,28.760000228881836,28.760000228881836,482900
2016-08-30,28.65999984741211,29.68000030517578,28.65999984741211,29.40999984741211,29.40999984741211,1735000
2016-08-31,29.3700008392334,29.3799991607666,26.610000610351562,27.079999923706055,27.079999923706055,2863500
2016-09-01,27.209999084472656,27.579999923706055,26.450000762939453,26.850000381469727,26.850000381469727,1163900
2016-09-02,26.969999313354492,27.18000030517578,26.450000762939453,26.56999969482422,26.56999969482422,850200
2016-09-06,26.75,26.979999542236328,26.239999771118164,26.40999984741211,26.40999984741211,850900
2016-09-07,26.3799991607666,26.510000228881836,25.920000076293945,26.1200008392334,26.1200008392334,833000
2016-09-08,25.979999542236328,26.239999771118164,25.760000228881836,25.860000610351562,25.860000610351562,777500
2016-09-09,25.639999389648438,25.84000015258789,25.049999237060547,25.18000030517578,25.18000030517578,889700
2016-09-12,25.020000457763672,25.520000457763672,25.0,25.389999389648438,25.389999389648438,438300
2016-09-13,25.260000228881836,25.600000381469727,24.920000076293945,25.010000228881836,25.010000228881836,793800
2016-09-14,25.489999771118164,26.020000457763672,25.010000228881836,25.170000076293945,25.170000076293945,513100
2016-09-15,25.18000030517578,25.6299991607666,25.18000030517578,25.540000915527344,25.540000915527344,574600
2016-09-16,26.440000534057617,26.440000534057617,25.350000381469727,25.450000762939453,25.450000762939453,770200
2016-09-19,25.530000686645508,26.209999084472656,25.5,26.020000457763672,26.020000457763672,725300
2016-09-20,26.270000457763672,26.469999313354492,26.059999465942383,26.420000076293945,26.420000076293945,638000
2016-09-21,26.65999984741211,27.600000381469727,26.540000915527344,27.56999969482422,27.56999969482422,1078000
2016-09-22,28.219999313354492,28.56999969482422,28.030000686645508,28.239999771118164,28.239999771118164,1230600
2016-09-23,28.110000610351562,28.219999313354492,27.920000076293945,28.100000381469727,28.100000381469727,483200
2016-09-26,27.93000030517578,28.40999984741211,27.920000076293945,28.299999237060547,28.299999237060547,696000
2016-09-27,28.299999237060547,28.530000686645508,28.190000534057617,28.40999984741211,28.40999984741211,568900
2016-09-28,28.56999969482422,28.920000076293945,28.40999984741211,28.850000381469727,28.850000381469727,764300
2016-09-29,28.709999084472656,29.0,28.540000915527344,28.93000030517578,28.93000030517578,926100
2016-09-30,28.93000030517578,28.989999771118164,28.56999969482422,28.610000610351562,28.610000610351562,1914100
2016-10-03,25.920000076293945,26.0,24.219999313354492,24.290000915527344,24.290000915527344,8055100
2016-10-04,24.649999618530273,24.700000762939453,23.6200008392334,23.709999084472656,23.709999084472656,2807800
2016-10-05,23.8700008392334,23.989999771118164,22.920000076293945,23.200000762939453,23.200000762939453,3041000
2016-10-06,23.09000015258789,23.420000076293945,22.809999465942383,23.299999237060547,23.299999237060547,2079100
2016-10-07,23.15999984741211,23.209999084472656,22.420000076293945,22.43000030517578,22.43000030517578,1332400
2016-10-10,22.510000228881836,22.90999984741211,22.510000228881836,22.719999313354492,22.719999313354492,1201900
2016-10-11,23.81999969482422,23.81999969482422,22.18000030517578,22.399999618530273,22.399999618530273,1028900
2016-10-12,22.469999313354492,22.690000534057617,22.260000228881836,22.489999771118164,22.489999771118164,699300
2016-10-13,21.790000915527344,22.200000762939453,21.5,22.09000015258789,22.09000015258789,970200
2016-10-14,22.649999618530273,23.280000686645508,22.329999923706055,22.770000457763672,22.770000457763672,1915900
2016-10-17,22.68000030517578,23.049999237060547,22.6200008392334,22.920000076293945,22.920000076293945,925700
2016-10-18,23.049999237060547,23.170000076293945,22.579999923706055,22.6299991607666,22.6299991607666,941900
2016-10-19,22.690000534057617,23.34000015258789,22.690000534057617,23.219999313354492,23.219999313354492,670800
2016-10-20,23.25,23.290000915527344,23.079999923706055,23.110000610351562,23.110000610351562,483500
2016-10-21,23.0,23.200000762939453,22.860000610351562,23.200000762939453,23.200000762939453,410100
2016-10-24,23.280000686645508,23.6200008392334,23.270000457763672,23.540000915527344,23.540000915527344,388300
2016-10-25,23.639999389648438,23.729999542236328,23.049999237060547,23.190000534057617,23.190000534057617,515600
2016-10-26,23.110000610351562,23.299999237060547,22.950000762939453,22.989999771118164,22.989999771118164,612300
2016-10-27,22.959999084472656,23.1299991607666,22.31999969482422,22.520000457763672,22.520000457763672,811100
2016-10-28,22.5,22.809999465942383,22.399999618530273,22.469999313354492,22.469999313354492,653600
2016-10-31,22.469999313354492,22.479999542236328,22.18000030517578,22.3799991607666,22.3799991607666,696100
2016-11-01,22.360000610351562,22.770000457763672,22.360000610351562,22.610000610351562,22.610000610351562,983800
2016-11-02,22.549999237060547,22.950000762939453,22.290000915527344,22.31999969482422,22.31999969482422,926700
2016-11-03,23.25,23.25,21.93000030517578,21.979999542236328,21.979999542236328,739600
2016-11-04,22.059999465942383,22.450000762939453,21.93000030517578,21.979999542236328,21.979999542236328,827600
2016-11-07,22.290000915527344,22.479999542236328,22.170000076293945,22.280000686645508,22.280000686645508,942500
2016-11-08,22.209999084472656,22.489999771118164,21.93000030517578,22.489999771118164,22.489999771118164,972600
2016-11-09,22.0,24.09000015258789,21.899999618530273,23.670000076293945,23.670000076293945,2991200
2016-11-10,26.34000015258789,28.0,25.809999465942383,26.81999969482422,26.81999969482422,6316600
2016-11-11,26.09000015258789,27.239999771118164,26.040000915527344,27.18000030517578,27.18000030517578,1448800
2016-11-14,27.239999771118164,27.90999984741211,27.18000030517578,27.510000228881836,27.510000228881836,1243400
2016-11-15,27.59000015258789,28.299999237060547,27.31999969482422,27.780000686645508,27.780000686645508,1806400
2016-11-16,27.59000015258789,27.950000762939453,27.329999923706055,27.760000228881836,27.760000228881836,626600
2016-11-17,27.84000015258789,28.200000762939453,27.670000076293945,27.959999084472656,27.959999084472656,525900
2016-11-18,27.969999313354492,28.139999389648438,27.760000228881836,27.790000915527344,27.790000915527344,420700
2016-11-21,27.780000686645508,28.0,27.020000457763672,27.309999465942383,27.309999465942383,1070600
2016-11-22,27.3700008392334,28.030000686645508,27.329999923706055,27.989999771118164,27.989999771118164,689500
2016-11-23,27.850000381469727,28.3799991607666,27.799999237060547,28.110000610351562,28.110000610351562,750300
2016-11-25,28.100000381469727,28.219999313354492,27.8700008392334,28.06999969482422,28.06999969482422,187300
2016-11-28,28.0,28.100000381469727,27.729999542236328,27.81999969482422,27.81999969482422,500600
2016-11-29,27.700000762939453,28.0,27.540000915527344,27.549999237060547,27.549999237060547,372400
2016-11-30,27.59000015258789,27.959999084472656,27.1299991607666,27.229999542236328,27.229999542236328,520100
2016-12-01,27.3700008392334,27.739999771118164,27.360000610351562,27.719999313354492,27.719999313354492,735000
2016-12-02,27.600000381469727,28.010000228881836,27.459999084472656,27.920000076293945,27.920000076293945,560900
2016-12-05,28.0,28.489999771118164,28.0,28.079999923706055,28.079999923706055,1002400
2016-12-06,28.299999237060547,28.3700008392334,27.889999389648438,28.190000534057617,28.190000534057617,531100
2016-12-07,28.440000534057617,28.440000534057617,27.450000762939453,27.520000457763672,27.520000457763672,1055600
2016-12-08,27.690000534057617,27.700000762939453,24.920000076293945,25.260000228881836,25.260000228881836,2370000
2016-12-09,25.270000457763672,25.459999084472656,23.75,23.850000381469727,23.850000381469727,2846400
2016-12-12,23.649999618530273,23.920000076293945,23.31999969482422,23.520000457763672,23.520000457763672,1247300
2016-12-13,23.559999465942383,23.979999542236328,23.34000015258789,23.579999923706055,23.579999923706055,772400
2016-12-14,23.600000381469727,24.670000076293945,23.600000381469727,24.200000762939453,24.200000762939453,1253100
2016-12-15,24.469999313354492,24.610000610351562,23.989999771118164,24.15999984741211,24.15999984741211,596000
2016-12-16,24.190000534057617,24.43000030517578,23.90999984741211,23.979999542236328,23.979999542236328,1002600
2016-12-19,23.979999542236328,24.25,23.75,23.989999771118164,23.989999771118164,629400
2016-12-20,24.649999618530273,24.760000228881836,24.020000457763672,24.3700008392334,24.3700008392334,451200
2016-12-21,24.440000534057617,25.59000015258789,24.149999618530273,25.010000228881836,25.010000228881836,1926500
2016-12-22,25.18000030517578,25.34000015258789,24.239999771118164,24.299999237060547,24.299999237060547,611500
2016-12-23,24.739999771118164,24.739999771118164,24.18000030517578,24.530000686645508,24.530000686645508,391800
2016-12-27,24.540000915527344,25.030000686645508,24.270000457763672,24.81999969482422,24.81999969482422,540300
2016-12-28,24.8799991607666,24.979999542236328,24.5,24.559999465942383,24.559999465942383,394100
2016-12-29,24.559999465942383,25.010000228881836,24.559999465942383,24.799999237060547,24.799999237060547,454400
2016-12-30,24.799999237060547,24.799999237060547,24.209999084472656,24.239999771118164,24.239999771118164,341200
2017-01-03,24.399999618530273,24.829999923706055,24.190000534057617,24.579999923706055,24.579999923706055,437400
2017-01-04,24.59000015258789,24.860000610351562,24.479999542236328,24.850000381469727,24.850000381469727,627300
2017-01-05,24.84000015258789,25.0,24.5,24.68000030517578,24.68000030517578,524000
2017-01-06,24.790000915527344,24.809999465942383,24.469999313354492,24.549999237060547,24.549999237060547,311500
2017-01-09,24.520000457763672,24.639999389648438,24.260000228881836,24.270000457763672,24.270000457763672,451500
2017-01-10,24.3799991607666,25.0,24.270000457763672,24.6299991607666,24.6299991607666,801700
2017-01-11,24.700000762939453,24.75,24.290000915527344,24.6299991607666,24.6299991607666,386800
2017-01-12,24.5,24.690000534057617,23.479999542236328,24.280000686645508,24.280000686645508,1263400
2017-01-13,24.290000915527344,25.469999313354492,24.290000915527344,25.229999542236328,25.229999542236328,996700
2017-01-17,25.170000076293945,25.170000076293945,24.450000762939453,24.81999969482422,24.81999969482422,1246000
2017-01-18,24.860000610351562,25.3700008392334,24.690000534057617,25.100000381469727,25.100000381469727,554000
2017-01-19,25.020000457763672,25.360000610351562,24.829999923706055,25.09000015258789,25.09000015258789,833200
2017-01-20,25.239999771118164,25.239999771118164,24.75,24.850000381469727,24.850000381469727,483600
2017-01-23,24.799999237060547,24.979999542236328,24.670000076293945,24.809999465942383,24.809999465942383,348300
2017-01-24,24.84000015258789,25.450000762939453,24.81999969482422,25.18000030517578,25.18000030517578,467900
2017-01-25,25.389999389648438,25.5,24.889999389648438,25.110000610351562,25.110000610351562,400400
2017-01-26,25.110000610351562,25.260000228881836,24.729999542236328,24.8799991607666,24.8799991607666,260500
2017-01-27,24.8799991607666,24.959999084472656,24.649999618530273,24.829999923706055,24.829999923706055,388000
2017-01-30,24.6200008392334,24.989999771118164,24.329999923706055,24.889999389648438,24.889999389648438,566400
2017-01-31,24.829999923706055,25.030000686645508,24.5,24.979999542236328,24.979999542236328,586500
2017-02-01,25.1299991607666,25.299999237060547,24.90999984741211,25.1299991607666,25.1299991607666,501000
2017-02-02,25.18000030517578,25.989999771118164,25.1299991607666,25.719999313354492,25.719999313354492,756100
2017-02-03,25.739999771118164,26.350000381469727,25.520000457763672,26.270000457763672,26.270000457763672,876800
2017-02-06,26.329999923706055,26.989999771118164,26.18000030517578,26.920000076293945,26.920000076293945,1059000
2017-02-07,27.020000457763672,27.40999984741211,26.68000030517578,26.809999465942383,26.809999465942383,966900
2017-02-08,26.790000915527344,26.850000381469727,26.219999313354492,26.540000915527344,26.540000915527344,880800
2017-02-09,26.5,27.170000076293945,26.399999618530273,26.889999389648438,26.889999389648438,623700
2017-02-10,27.0,27.399999618530273,26.8700008392334,27.34000015258789,27.34000015258789,1043400
2017-02-13,27.399999618530273,27.559999465942383,27.149999618530273,27.18000030517578,27.18000030517578,493700
2017-02-14,27.15999984741211,27.190000534057617,26.889999389648438,27.010000228881836,27.010000228881836,331600
2017-02-15,26.700000762939453,26.850000381469727,26.350000381469727,26.530000686645508,26.530000686645508,722600
2017-02-16,26.489999771118164,26.68000030517578,26.270000457763672,26.670000076293945,26.670000076293945,438000
2017-02-17,26.5,26.690000534057617,26.290000915527344,26.5,26.5,722700
2017-02-21,26.420000076293945,26.700000762939453,26.360000610351562,26.56999969482422,26.56999969482422,431200
2017-02-22,26.420000076293945,26.59000015258789,26.020000457763672,26.239999771118164,26.239999771118164,624200
2017-02-23,26.309999465942383,26.43000030517578,25.40999984741211,25.469999313354492,25.469999313354492,631400
2017-02-24,25.469999313354492,25.780000686645508,25.260000228881836,25.6299991607666,25.6299991607666,881500
2017-02-27,25.670000076293945,26.229999542236328,25.6299991607666,26.079999923706055,26.079999923706055,1097600
2017-02-28,26.1299991607666,26.239999771118164,25.440000534057617,25.670000076293945,25.670000076293945,1409900
2017-03-01,24.770000457763672,25.1299991607666,22.90999984741211,24.34000015258789,24.34000015258789,5409900
2017-03-02,24.229999542236328,24.229999542236328,22.520000457763672,22.969999313354492,22.969999313354492,4346600
2017-03-03,23.010000228881836,23.270000457763672,22.100000381469727,22.809999465942383,22.809999465942383,1919300
2017-03-06,22.799999237060547,23.110000610351562,22.399999618530273,22.530000686645508,22.530000686645508,1554300
2017-03-07,22.420000076293945,22.700000762939453,22.399999618530273,22.489999771118164,22.489999771118164,1289100
2017-03-08,22.610000610351562,22.639999389648438,22.299999237060547,22.3700008392334,22.3700008392334,867200
2017-03-09,22.360000610351562,22.6200008392334,22.219999313354492,22.489999771118164,22.489999771118164,1064200
2017-03-10,22.6200008392334,22.860000610351562,22.5,22.6299991607666,22.6299991607666,803100
2017-03-13,22.56999969482422,22.84000015258789,22.5,22.809999465942383,22.809999465942383,824300
2017-03-14,22.700000762939453,22.959999084472656,22.579999923706055,22.889999389648438,22.889999389648438,624500
2017-03-15,22.989999771118164,23.100000381469727,22.6299991607666,23.010000228881836,23.010000228881836,818700
2017-03-16,23.030000686645508,23.190000534057617,22.719999313354492,22.760000228881836,22.760000228881836,697100
2017-03-17,22.770000457763672,23.479999542236328,22.719999313354492,23.389999389648438,23.389999389648438,1524800
2017-03-20,23.459999084472656,23.6299991607666,22.8799991607666,22.940000534057617,22.940000534057617,971800
2017-03-21,23.010000228881836,23.329999923706055,22.43000030517578,22.459999084472656,22.459999084472656,775600
2017-03-22,22.469999313354492,22.93000030517578,22.219999313354492,22.450000762939453,22.450000762939453,639000
2017-03-23,22.5,22.770000457763672,22.31999969482422,22.6299991607666,22.6299991607666,697900
2017-03-24,22.670000076293945,22.889999389648438,22.360000610351562,22.5,22.5,501300
2017-03-27,22.219999313354492,22.579999923706055,22.049999237060547,22.469999313354492,22.469999313354492,478600
2017-03-28,22.43000030517578,22.81999969482422,22.25,22.790000915527344,22.790000915527344,611700
2017-03-29,22.760000228881836,22.81999969482422,22.559999465942383,22.639999389648438,22.639999389648438,498800
2017-03-30,22.6299991607666,23.34000015258789,22.6299991607666,23.219999313354492,23.219999313354492,1005600
2017-03-31,23.18000030517578,23.219999313354492,22.770000457763672,22.790000915527344,22.790000915527344,845900
2017-04-03,22.780000686645508,22.829999923706055,22.479999542236328,22.5,22.5,605200
2017-04-04,22.469999313354492,22.639999389648438,21.969999313354492,22.0,22.0,1099900
2017-04-05,23.350000381469727,23.389999389648438,21.18000030517578,21.899999618530273,21.899999618530273,10303300
2017-04-06,22.299999237060547,23.100000381469727,21.899999618530273,23.079999923706055,23.079999923706055,2162100
2017-04-07,23.25,23.610000610351562,22.670000076293945,23.270000457763672,23.270000457763672,1900500
2017-04-10,23.299999237060547,24.579999923706055,23.270000457763672,23.270000457763672,23.270000457763672,2089600
2017-04-11,23.270000457763672,23.420000076293945,22.950000762939453,23.18000030517578,23.18000030517578,975300
2017-04-12,23.270000457763672,23.350000381469727,22.34000015258789,22.420000076293945,22.420000076293945,973700
2017-04-13,22.219999313354492,22.5,22.020000457763672,22.040000915527344,22.040000915527344,867100
2017-04-17,22.040000915527344,22.170000076293945,21.950000762939453,22.079999923706055,22.079999923706055,699900
2017-04-18,22.059999465942383,22.510000228881836,22.020000457763672,22.5,22.5,833100
2017-04-19,22.549999237060547,22.90999984741211,22.549999237060547,22.729999542236328,22.729999542236328,413600
2017-04-20,22.940000534057617,23.360000610351562,22.790000915527344,23.299999237060547,23.299999237060547,802000
2017-04-21,23.34000015258789,23.780000686645508,23.290000915527344,23.690000534057617,23.690000534057617,988800
2017-04-24,24.0,24.049999237060547,23.719999313354492,24.020000457763672,24.020000457763672,943200
2017-04-25,24.209999084472656,24.299999237060547,24.079999923706055,24.170000076293945,24.170000076293945,619200
2017-04-26,24.1200008392334,24.479999542236328,24.0,24.260000228881836,24.260000228881836,610200
2017-04-27,24.360000610351562,24.729999542236328,24.360000610351562,24.700000762939453,24.700000762939453,677800
2017-04-28,24.75,24.75,24.440000534057617,24.579999923706055,24.579999923706055,590700
2017-05-01,24.719999313354492,24.81999969482422,24.540000915527344,24.75,24.75,495100
2017-05-02,24.65999984741211,24.81999969482422,24.610000610351562,24.780000686645508,24.780000686645508,455100
2017-05-03,24.579999923706055,24.770000457763672,24.5,24.739999771118164,24.739999771118164,348600
2017-05-04,24.770000457763672,24.899999618530273,24.68000030517578,24.84000015258789,24.84000015258789,551500
2017-05-05,24.8799991607666,24.950000762939453,24.68000030517578,24.950000762939453,24.950000762939453,398800
2017-05-08,24.84000015258789,25.06999969482422,24.59000015258789,25.040000915527344,25.040000915527344,668200
2017-05-09,24.899999618530273,25.510000228881836,24.899999618530273,25.18000030517578,25.18000030517578,1249700
2017-05-10,26.969999313354492,28.170000076293945,25.65999984741211,26.25,26.25,3423000
2017-05-11,26.059999465942383,26.290000915527344,25.75,26.0,26.0,922300
2017-05-12,26.0,26.299999237060547,25.959999084472656,25.989999771118164,25.989999771118164,885200
2017-05-15,25.989999771118164,26.040000915527344,25.149999618530273,25.15999984741211,25.15999984741211,940800
2017-05-16,25.100000381469727,25.610000610351562,24.829999923706055,25.559999465942383,25.559999465942383,909700
2017-05-17,25.360000610351562,25.360000610351562,24.559999465942383,24.59000015258789,24.59000015258789,1041800
2017-05-18,24.5,24.649999618530273,24.079999923706055,24.1299991607666,24.1299991607666,764200
2017-05-19,24.1299991607666,24.84000015258789,24.1299991607666,24.600000381469727,24.600000381469727,543100
2017-05-22,24.719999313354492,24.81999969482422,24.530000686645508,24.729999542236328,24.729999542236328,350900
2017-05-23,24.75,24.940000534057617,24.459999084472656,24.8799991607666,24.8799991607666,493400
2017-05-24,24.8799991607666,25.010000228881836,24.690000534057617,24.780000686645508,24.780000686645508,461700
2017-05-25,24.959999084472656,25.149999618530273,24.770000457763672,24.989999771118164,24.989999771118164,554200
2017-05-26,25.0,25.030000686645508,24.6200008392334,24.899999618530273,24.899999618530273,461300
2017-05-30,24.75,24.8700008392334,24.450000762939453,24.59000015258789,24.59000015258789,529200
2017-05-31,24.670000076293945,24.739999771118164,23.979999542236328,24.010000228881836,24.010000228881836,781700
2017-06-01,24.100000381469727,24.5,24.0,24.459999084472656,24.459999084472656,728100
2017-06-02,24.420000076293945,24.829999923706055,24.399999618530273,24.520000457763672,24.520000457763672,600600
2017-06-05,24.440000534057617,24.59000015258789,24.139999389648438,24.399999618530273,24.399999618530273,753200
2017-06-06,24.239999771118164,24.739999771118164,24.200000762939453,24.65999984741211,24.65999984741211,476900
2017-06-07,24.600000381469727,24.709999084472656,24.170000076293945,24.260000228881836,24.260000228881836,518400
2017-06-08,24.25,24.579999923706055,24.18000030517578,24.440000534057617,24.440000534057617,459500
2017-06-09,24.34000015258789,24.670000076293945,24.18000030517578,24.3700008392334,24.3700008392334,483100
2017-06-12,24.329999923706055,24.459999084472656,24.110000610351562,24.200000762939453,24.200000762939453,362200
2017-06-13,24.260000228881836,24.5,24.1200008392334,24.469999313354492,24.469999313354492,475400
2017-06-14,24.3799991607666,24.5,24.170000076293945,24.270000457763672,24.270000457763672,409900
2017-06-15,24.100000381469727,25.0,24.040000915527344,24.760000228881836,24.760000228881836,589800
2017-06-16,24.5,25.5,24.329999923706055,25.360000610351562,25.360000610351562,1351600
2017-06-19,25.530000686645508,25.690000534057617,25.290000915527344,25.40999984741211,25.40999984741211,509700
2017-06-20,25.600000381469727,27.0,25.549999237060547,25.770000457763672,25.770000457763672,1432200
2017-06-21,25.760000228881836,26.3799991607666,25.739999771118164,26.020000457763672,26.020000457763672,807200
2017-06-22,26.0,26.399999618530273,25.81999969482422,26.290000915527344,26.290000915527344,515200
2017-06-23,26.31999969482422,26.420000076293945,26.139999389648438,26.31999969482422,26.31999969482422,396200
2017-06-26,26.270000457763672,26.389999389648438,25.8799991607666,25.959999084472656,25.959999084472656,394300
2017-06-27,25.93000030517578,25.989999771118164,25.350000381469727,25.440000534057617,25.440000534057617,513800
2017-06-28,25.610000610351562,26.020000457763672,25.520000457763672,25.860000610351562,25.860000610351562,354100
2017-06-29,25.8700008392334,25.969999313354492,24.760000228881836,25.170000076293945,25.170000076293945,494400
2017-06-30,25.200000762939453,25.459999084472656,24.969999313354492,25.139999389648438,25.139999389648438,418100
2017-07-03,25.219999313354492,25.450000762939453,25.020000457763672,25.15999984741211,25.15999984741211,194200
2017-07-05,25.09000015258789,25.5,25.030000686645508,25.270000457763672,25.270000457763672,349600
2017-07-06,25.280000686645508,25.389999389648438,24.940000534057617,25.049999237060547,25.049999237060547,529500
2017-07-07,23.950000762939453,25.25,23.770000457763672,25.09000015258789,25.09000015258789,745100
2017-07-10,25.040000915527344,25.309999465942383,24.709999084472656,25.020000457763672,25.020000457763672,345400
2017-07-11,24.93000030517578,25.549999237060547,24.8700008392334,25.31999969482422,25.31999969482422,407100
2017-07-12,25.420000076293945,25.709999084472656,25.280000686645508,25.469999313354492,25.469999313354492,399600
2017-07-13,25.43000030517578,25.5,25.06999969482422,25.229999542236328,25.229999542236328,418800
2017-07-14,25.1299991607666,25.399999618530273,24.850000381469727,25.290000915527344,25.290000915527344,522300
2017-07-17,25.239999771118164,25.850000381469727,25.190000534057617,25.81999969482422,25.81999969482422,441000
2017-07-18,25.719999313354492,25.719999313354492,25.200000762939453,25.229999542236328,25.229999542236328,434800
2017-07-19,25.200000762939453,25.559999465942383,25.149999618530273,25.389999389648438,25.389999389648438,357400
2017-07-20,25.450000762939453,25.450000762939453,25.059999465942383,25.3799991607666,25.3799991607666,280000
2017-07-21,25.579999923706055,25.579999923706055,25.190000534057617,25.260000228881836,25.260000228881836,369300
2017-07-24,25.229999542236328,25.530000686645508,25.110000610351562,25.3700008392334,25.3700008392334,275500
2017-07-25,25.420000076293945,25.520000457763672,25.18000030517578,25.40999984741211,25.40999984741211,386500
2017-07-26,25.469999313354492,25.479999542236328,24.959999084472656,25.219999313354492,25.219999313354492,526200
2017-07-27,25.229999542236328,25.3700008392334,24.799999237060547,24.989999771118164,24.989999771118164,305000
2017-07-28,24.850000381469727,25.0,24.670000076293945,24.719999313354492,24.719999313354492,402600
2017-07-31,24.65999984741211,24.739999771118164,24.18000030517578,24.59000015258789,24.59000015258789,598300
2017-08-01,24.600000381469727,24.8799991607666,24.270000457763672,24.8700008392334,24.8700008392334,497200
2017-08-02,24.799999237060547,25.040000915527344,24.649999618530273,24.860000610351562,24.860000610351562,349600
2017-08-03,24.75,25.059999465942383,24.75,25.0,25.0,384200
2017-08-04,25.0,25.459999084472656,24.700000762939453,25.389999389648438,25.389999389648438,441300
2017-08-07,25.260000228881836,25.8799991607666,25.149999618530273,25.719999313354492,25.719999313354492,621200
2017-08-08,25.770000457763672,26.309999465942383,25.290000915527344,25.309999465942383,25.309999465942383,987600
2017-08-09,24.299999237060547,25.260000228881836,21.799999237060547,23.020000457763672,23.020000457763672,2677700
2017-08-10,23.0,23.049999237060547,22.239999771118164,22.459999084472656,22.459999084472656,1510500
2017-08-11,22.649999618530273,22.729999542236328,21.90999984741211,22.360000610351562,22.360000610351562,1181500
2017-08-14,22.559999465942383,22.649999618530273,22.040000915527344,22.18000030517578,22.18000030517578,567000
2017-08-15,22.100000381469727,22.3700008392334,21.520000457763672,21.6299991607666,21.6299991607666,755600
2017-08-16,21.649999618530273,21.799999237060547,21.34000015258789,21.65999984741211,21.65999984741211,679100
2017-08-17,21.549999237060547,21.860000610351562,21.450000762939453,21.479999542236328,21.479999542236328,445300
2017-08-18,21.360000610351562,22.149999618530273,21.25,22.06999969482422,22.06999969482422,1042000
2017-08-21,22.030000686645508,22.139999389648438,21.850000381469727,22.079999923706055,22.079999923706055,728500
2017-08-22,21.5,22.1299991607666,21.399999618530273,21.770000457763672,21.770000457763672,816700
2017-08-23,21.579999923706055,21.989999771118164,21.450000762939453,21.639999389648438,21.639999389648438,662400
2017-08-24,21.809999465942383,22.09000015258789,21.75,21.850000381469727,21.850000381469727,495800
2017-08-25,21.6200008392334,21.829999923706055,21.56999969482422,21.579999923706055,21.579999923706055,666300
2017-08-28,21.6299991607666,21.950000762939453,21.610000610351562,21.8799991607666,21.8799991607666,617100
2017-08-29,21.770000457763672,21.90999984741211,21.610000610351562,21.6200008392334,21.6200008392334,384000
2017-08-30,21.600000381469727,21.690000534057617,21.440000534057617,21.59000015258789,21.59000015258789,378600
2017-08-31,21.690000534057617,21.8700008392334,21.6299991607666,21.709999084472656,21.709999084472656,445100
2017-09-01,21.729999542236328,21.979999542236328,21.639999389648438,21.729999542236328,21.729999542236328,358200
2017-09-05,21.65999984741211,21.979999542236328,21.530000686645508,21.979999542236328,21.979999542236328,387100
2017-09-06,22.0,22.0,21.700000762939453,21.729999542236328,21.729999542236328,533100
2017-09-07,21.739999771118164,21.989999771118164,21.479999542236328,21.5,21.5,531200
2017-09-08,21.510000228881836,21.959999084472656,21.459999084472656,21.639999389648438,21.639999389648438,517200
2017-09-11,21.790000915527344,22.25,21.719999313354492,21.860000610351562,21.860000610351562,428400
2017-09-12,21.8700008392334,22.350000381469727,21.860000610351562,22.350000381469727,22.350000381469727,692100
2017-09-13,22.34000015258789,22.559999465942383,22.209999084472656,22.399999618530273,22.399999618530273,447500
2017-09-14,22.520000457763672,22.760000228881836,22.399999618530273,22.540000915527344,22.540000915527344,520300
2017-09-15,22.59000015258789,22.729999542236328,21.950000762939453,22.299999237060547,22.299999237060547,1267900
2017-09-18,22.34000015258789,22.68000030517578,22.299999237060547,22.399999618530273,22.399999618530273,490500
2017-09-19,22.450000762939453,22.510000228881836,22.020000457763672,22.06999969482422,22.06999969482422,418000
2017-09-20,22.209999084472656,23.219999313354492,22.09000015258789,22.90999984741211,22.90999984741211,748700
2017-09-21,22.90999984741211,23.1200008392334,22.700000762939453,22.799999237060547,22.799999237060547,467500
2017-09-22,22.770000457763672,23.139999389648438,22.639999389648438,22.649999618530273,22.649999618530273,284200
2017-09-25,22.65999984741211,22.729999542236328,22.18000030517578,22.59000015258789,22.59000015258789,510800
2017-09-26,22.59000015258789,22.950000762939453,22.540000915527344,22.65999984741211,22.65999984741211,373200
2017-09-27,22.719999313354492,23.06999969482422,22.670000076293945,23.049999237060547,23.049999237060547,553000
2017-09-28,23.100000381469727,23.489999771118164,22.889999389648438,23.09000015258789,23.09000015258789,531700
2017-09-29,23.079999923706055,23.200000762939453,22.649999618530273,22.670000076293945,22.670000076293945,543600
2017-10-02,22.770000457763672,23.040000915527344,22.65999984741211,22.90999984741211,22.90999984741211,478700
2017-10-03,23.040000915527344,23.309999465942383,23.040000915527344,23.200000762939453,23.200000762939453,491100
2017-10-04,23.260000228881836,23.770000457763672,23.200000762939453,23.770000457763672,23.770000457763672,595700
2017-10-05,23.719999313354492,23.860000610351562,23.549999237060547,23.639999389648438,23.639999389648438,225800
2017-10-06,23.639999389648438,23.780000686645508,23.5,23.719999313354492,23.719999313354492,317700
2017-10-09,23.719999313354492,23.81999969482422,23.530000686645508,23.559999465942383,23.559999465942383,287700
2017-10-10,23.56999969482422,23.84000015258789,23.389999389648438,23.81999969482422,23.81999969482422,507600
2017-10-11,23.770000457763672,24.0,23.770000457763672,23.899999618530273,23.899999618530273,456200
2017-10-12,24.030000686645508,24.549999237060547,23.959999084472656,24.450000762939453,24.450000762939453,677900
2017-10-13,24.6200008392334,24.729999542236328,24.420000076293945,24.600000381469727,24.600000381469727,574600
2017-10-16,24.649999618530273,24.700000762939453,24.229999542236328,24.309999465942383,24.309999465942383,435400
2017-10-17,24.190000534057617,24.469999313354492,24.110000610351562,24.440000534057617,24.440000534057617,415600
2017-10-18,23.940000534057617,25.020000457763672,23.600000381469727,24.989999771118164,24.989999771118164,1491600
2017-10-19,24.780000686645508,24.920000076293945,24.420000076293945,24.6200008392334,24.6200008392334,594800
2017-10-20,23.5,24.030000686645508,22.860000610351562,23.010000228881836,23.010000228881836,4110100
2017-10-23,22.799999237060547,22.969999313354492,22.329999923706055,22.59000015258789,22.59000015258789,829400
2017-10-24,22.479999542236328,22.540000915527344,22.1200008392334,22.31999969482422,22.31999969482422,1060700
2017-10-25,22.139999389648438,22.459999084472656,22.09000015258789,22.170000076293945,22.170000076293945,768600
2017-10-26,22.100000381469727,22.469999313354492,22.079999923706055,22.43000030517578,22.43000030517578,528000
2017-10-27,22.489999771118164,22.93000030517578,22.25,22.920000076293945,22.920000076293945,607400
2017-10-30,22.760000228881836,22.90999984741211,22.65999984741211,22.8700008392334,22.8700008392334,622100
2017-10-31,22.959999084472656,23.149999618530273,22.889999389648438,22.969999313354492,22.969999313354492,512000
2017-11-01,23.0,23.049999237060547,22.809999465942383,23.030000686645508,23.030000686645508,429200
2017-11-02,23.0,23.5,22.899999618530273,23.479999542236328,23.479999542236328,460400
2017-11-03,23.450000762939453,23.450000762939453,23.18000030517578,23.40999984741211,23.40999984741211,421200
2017-11-06,23.399999618530273,23.489999771118164,23.15999984741211,23.219999313354492,23.219999313354492,672100
2017-11-07,23.200000762939453,23.350000381469727,22.84000015258789,22.850000381469727,22.850000381469727,892200
2017-11-08,22.6200008392334,22.729999542236328,20.56999969482422,21.43000030517578,21.43000030517578,2981700
2017-11-09,21.309999465942383,22.3799991607666,20.920000076293945,21.530000686645508,21.530000686645508,1148700
2017-11-10,21.43000030517578,21.459999084472656,21.149999618530273,21.15999984741211,21.15999984741211,623000
2017-11-13,21.020000457763672,21.469999313354492,21.020000457763672,21.1200008392334,21.1200008392334,658200
2017-11-14,21.010000228881836,21.440000534057617,20.809999465942383,21.399999618530273,21.399999618530273,908100
2017-11-15,21.170000076293945,21.950000762939453,21.1299991607666,21.889999389648438,21.889999389648438,802000
2017-11-16,21.8799991607666,22.459999084472656,21.799999237060547,22.389999389648438,22.389999389648438,934200
2017-11-17,22.5,23.450000762939453,22.489999771118164,23.1299991607666,23.1299991607666,1136100
2017-11-20,23.190000534057617,23.850000381469727,23.190000534057617,23.610000610351562,23.610000610351562,1105500
2017-11-21,23.739999771118164,23.8799991607666,23.270000457763672,23.850000381469727,23.850000381469727,1148000
2017-11-22,23.860000610351562,24.0,23.549999237060547,23.770000457763672,23.770000457763672,664900
2017-11-24,23.8700008392334,24.06999969482422,23.719999313354492,24.059999465942383,24.059999465942383,249200
2017-11-27,24.100000381469727,24.450000762939453,23.920000076293945,24.43000030517578,24.43000030517578,469000
2017-11-28,24.459999084472656,25.010000228881836,24.270000457763672,24.8700008392334,24.8700008392334,520700
2017-11-29,24.790000915527344,25.09000015258789,24.540000915527344,24.969999313354492,24.969999313354492,519800
2017-11-30,24.989999771118164,25.219999313354492,24.729999542236328,24.8799991607666,24.8799991607666,511700
2017-12-01,24.899999618530273,24.90999984741211,23.81999969482422,24.479999542236328,24.479999542236328,735000
2017-12-04,24.639999389648438,24.8799991607666,24.059999465942383,24.100000381469727,24.100000381469727,782800
2017-12-05,24.100000381469727,24.389999389648438,23.950000762939453,24.09000015258789,24.09000015258789,632700
2017-12-06,24.09000015258789,24.280000686645508,23.850000381469727,24.0,24.0,528400
2017-12-07,24.040000915527344,24.690000534057617,23.90999984741211,24.329999923706055,24.329999923706055,538400
2017-12-08,24.360000610351562,24.780000686645508,24.31999969482422,24.510000228881836,24.510000228881836,498700
2017-12-11,24.530000686645508,24.790000915527344,24.15999984741211,24.59000015258789,24.59000015258789,518500
2017-12-12,24.690000534057617,25.200000762939453,24.530000686645508,25.15999984741211,25.15999984741211,494400
2017-12-13,25.209999084472656,26.010000228881836,25.15999984741211,25.600000381469727,25.600000381469727,906600
2017-12-14,25.59000015258789,25.920000076293945,25.34000015258789,25.43000030517578,25.43000030517578,444200
2017-12-15,25.850000381469727,26.399999618530273,25.530000686645508,26.350000381469727,26.350000381469727,1353100
2017-12-18,26.399999618530273,27.059999465942383,26.3700008392334,27.0,27.0,664900
2017-12-19,27.09000015258789,27.09000015258789,26.329999923706055,26.5,26.5,546100
2017-12-20,26.670000076293945,26.670000076293945,25.75,25.799999237060547,25.799999237060547,461400
2017-12-21,25.959999084472656,26.600000381469727,25.540000915527344,26.3799991607666,26.3799991607666,676700
2017-12-22,26.40999984741211,26.520000457763672,26.049999237060547,26.440000534057617,26.440000534057617,271500
2017-12-26,26.15999984741211,26.700000762939453,26.15999984741211,26.469999313354492,26.469999313354492,212700
2017-12-27,26.549999237060547,26.739999771118164,26.420000076293945,26.68000030517578,26.68000030517578,196700
2017-12-28,26.700000762939453,26.959999084472656,26.600000381469727,26.93000030517578,26.93000030517578,271500
2017-12-29,26.899999618530273,26.920000076293945,26.469999313354492,26.5,26.5,380300
2018-01-02,26.520000457763672,26.579999923706055,26.219999313354492,26.549999237060547,26.549999237060547,487800
2018-01-03,26.450000762939453,26.790000915527344,26.079999923706055,26.75,26.75,603300
2018-01-04,26.799999237060547,26.889999389648438,26.5,26.829999923706055,26.829999923706055,358200
2018-01-05,26.850000381469727,27.100000381469727,26.6200008392334,26.850000381469727,26.850000381469727,369200
2018-01-08,26.81999969482422,26.829999923706055,26.270000457763672,26.770000457763672,26.770000457763672,526000
2018-01-09,26.770000457763672,27.079999923706055,26.649999618530273,26.81999969482422,26.81999969482422,347500
2018-01-10,26.780000686645508,26.8799991607666,26.399999618530273,26.559999465942383,26.559999465942383,411900
2018-01-11,26.579999923706055,27.0,26.520000457763672,26.899999618530273,26.899999618530273,602700
2018-01-12,26.989999771118164,27.75,26.8700008392334,27.559999465942383,27.559999465942383,572800
2018-01-16,27.59000015258789,27.959999084472656,27.280000686645508,27.290000915527344,27.290000915527344,446600
2018-01-17,27.389999389648438,27.790000915527344,27.360000610351562,27.709999084472656,27.709999084472656,460500
2018-01-18,27.6299991607666,27.729999542236328,27.270000457763672,27.440000534057617,27.440000534057617,479300
2018-01-19,27.40999984741211,27.56999969482422,27.15999984741211,27.479999542236328,27.479999542236328,331300
2018-01-22,27.479999542236328,27.479999542236328,27.06999969482422,27.469999313354492,27.469999313354492,505900
2018-01-23,27.440000534057617,27.489999771118164,27.170000076293945,27.450000762939453,27.450000762939453,169300
2018-01-24,27.43000030517578,27.649999618530273,26.899999618530273,27.209999084472656,27.209999084472656,415900
2018-01-25,27.309999465942383,27.520000457763672,27.010000228881836,27.520000457763672,27.520000457763672,336200
2018-01-26,27.59000015258789,27.739999771118164,27.15999984741211,27.479999542236328,27.479999542236328,366200
2018-01-29,27.399999618530273,27.6299991607666,27.209999084472656,27.40999984741211,27.40999984741211,567000
2018-01-30,27.1299991607666,27.860000610351562,26.729999542236328,27.360000610351562,27.360000610351562,1130500
2018-01-31,27.479999542236328,27.59000015258789,26.34000015258789,26.459999084472656,26.459999084472656,585600
2018-02-01,26.329999923706055,26.3700008392334,25.75,25.84000015258789,25.84000015258789,751300
2018-02-02,25.65999984741211,26.170000076293945,25.459999084472656,25.81999969482422,25.81999969482422,527300
2018-02-05,25.739999771118164,25.989999771118164,24.84000015258789,25.030000686645508,25.030000686645508,669700
2018-02-06,24.850000381469727,25.34000015258789,24.5,25.149999618530273,25.149999618530273,899300
2018-02-07,25.200000762939453,26.06999969482422,25.200000762939453,25.950000762939453,25.950000762939453,499600
2018-02-08,25.889999389648438,25.969999313354492,25.31999969482422,25.31999969482422,25.31999969482422,685500
2018-02-09,25.540000915527344,25.8799991607666,24.850000381469727,25.280000686645508,25.280000686645508,796500
2018-02-12,25.399999618530273,25.889999389648438,25.219999313354492,25.610000610351562,25.610000610351562,920800
2018-02-13,25.579999923706055,27.040000915527344,25.520000457763672,26.84000015258789,26.84000015258789,869600
2018-02-14,26.639999389648438,27.969999313354492,26.639999389648438,27.920000076293945,27.920000076293945,605900
2018-02-15,28.0,28.489999771118164,27.8799991607666,28.399999618530273,28.399999618530273,687600
2018-02-16,28.399999618530273,29.0,28.399999618530273,28.739999771118164,28.739999771118164,744000
2018-02-20,28.65999984741211,28.940000534057617,28.059999465942383,28.06999969482422,28.06999969482422,622700
2018-02-21,28.15999984741211,28.709999084472656,28.059999465942383,28.100000381469727,28.100000381469727,458700
2018-02-22,28.149999618530273,28.469999313354492,28.100000381469727,28.190000534057617,28.190000534057617,379600
2018-02-23,28.3799991607666,28.600000381469727,28.06999969482422,28.579999923706055,28.579999923706055,316600
2018-02-26,28.65999984741211,28.780000686645508,28.110000610351562,28.15999984741211,28.15999984741211,618700
2018-02-27,28.100000381469727,28.110000610351562,27.190000534057617,27.25,27.25,855900
2018-02-28,32.0099983215332,36.29999923706055,31.059999465942383,34.83000183105469,34.83000183105469,7916500
2018-03-01,34.900001525878906,39.7400016784668,34.849998474121094,37.689998626708984,37.689998626708984,6184400
2018-03-02,36.369998931884766,38.869998931884766,35.95000076293945,38.75,38.75,3286600
2018-03-05,38.7400016784668,39.75,36.90999984741211,38.279998779296875,38.279998779296875,2106000
2018-03-06,37.5,39.70000076293945,37.41999816894531,39.09000015258789,39.09000015258789,1541800
2018-03-07,38.970001220703125,40.2400016784668,38.70000076293945,39.77000045776367,39.77000045776367,1274300
2018-03-08,39.720001220703125,40.099998474121094,39.38999938964844,39.790000915527344,39.790000915527344,748300
2018-03-09,40.0099983215332,40.15999984741211,39.11000061035156,39.86000061035156,39.86000061035156,1196000
2018-03-12,40.34000015258789,40.4900016784668,39.150001525878906,39.41999816894531,39.41999816894531,1089400
2018-03-13,39.560001373291016,39.880001068115234,38.95000076293945,39.349998474121094,39.349998474121094,685000
2018-03-14,39.4900016784668,39.59000015258789,38.95000076293945,39.0099983215332,39.0099983215332,701300
2018-03-15,38.91999816894531,39.02000045776367,38.33000183105469,38.619998931884766,38.619998931884766,867700
2018-03-16,37.95000076293945,38.38999938964844,37.540000915527344,37.970001220703125,37.970001220703125,2018200
2018-03-19,37.810001373291016,37.95000076293945,37.11000061035156,37.400001525878906,37.400001525878906,832800
2018-03-20,37.5,38.65999984741211,37.459999084472656,38.36000061035156,38.36000061035156,832900
2018-03-21,38.45000076293945,38.97999954223633,38.130001068115234,38.79999923706055,38.79999923706055,716900
2018-03-22,38.560001373291016,39.29999923706055,38.310001373291016,38.54999923706055,38.54999923706055,890900
2018-03-23,38.56999969482422,39.15999984741211,37.88999938964844,37.900001525878906,37.900001525878906,769000
2018-03-26,38.2599983215332,38.77000045776367,37.52000045776367,38.720001220703125,38.720001220703125,431400
2018-03-27,38.66999816894531,39.310001373291016,38.31999969482422,38.630001068115234,38.630001068115234,542200
2018-03-28,38.779998779296875,38.79999923706055,37.619998931884766,37.91999816894531,37.91999816894531,553600
2018-03-29,38.189998626708984,39.88999938964844,38.150001525878906,39.310001373291016,39.310001373291016,742900
2018-04-02,39.349998474121094,39.61000061035156,38.83000183105469,39.47999954223633,39.47999954223633,467400
2018-04-03,39.779998779296875,42.45000076293945,39.5,42.400001525878906,42.400001525878906,1769000
2018-04-04,41.90999984741211,42.650001525878906,40.560001373291016,41.97999954223633,41.97999954223633,1465900
2018-04-05,42.380001068115234,43.15999984741211,42.099998474121094,42.86000061035156,42.86000061035156,814400
2018-04-06,42.470001220703125,42.95000076293945,41.54999923706055,41.84000015258789,41.84000015258789,967200
2018-04-09,42.2400016784668,42.34000015258789,40.84000015258789,41.310001373291016,41.310001373291016,1236800
2018-04-10,41.619998931884766,42.29999923706055,41.380001068115234,42.09000015258789,42.09000015258789,731900
2018-04-11,42.0099983215332,43.189998626708984,42.0,42.779998779296875,42.779998779296875,629100
2018-04-12,43.099998474121094,44.060001373291016,43.0,43.099998474121094,43.099998474121094,1530500
2018-04-13,43.77000045776367,43.77000045776367,42.650001525878906,42.790000915527344,42.790000915527344,796400
2018-04-16,43.33000183105469,43.709999084472656,42.79999923706055,42.970001220703125,42.970001220703125,553200
2018-04-17,43.060001373291016,43.84000015258789,42.970001220703125,43.0099983215332,43.0099983215332,962300
2018-04-18,43.2599983215332,43.66999816894531,42.720001220703125,42.7400016784668,42.7400016784668,722000
2018-04-19,42.70000076293945,43.43000030517578,42.150001525878906,42.9900016784668,42.9900016784668,903600
2018-04-20,42.91999816894531,43.27000045776367,42.630001068115234,42.70000076293945,42.70000076293945,544000
2018-04-23,43.060001373291016,43.43000030517578,42.45000076293945,42.7400016784668,42.7400016784668,944200
2018-04-24,43.029998779296875,43.72999954223633,41.70000076293945,42.79999923706055,42.79999923706055,658400
2018-04-25,42.63999938964844,43.06999969482422,42.11000061035156,43.0,43.0,590900
2018-04-26,44.29999923706055,44.75,42.599998474121094,42.7400016784668,42.7400016784668,921900
2018-04-27,42.900001525878906,43.2400016784668,41.369998931884766,41.61000061035156,41.61000061035156,802300
2018-04-30,41.790000915527344,42.439998626708984,41.599998474121094,41.97999954223633,41.97999954223633,428300
2018-05-01,41.95000076293945,42.13999938964844,41.15999984741211,41.5099983215332,41.5099983215332,571300
2018-05-02,41.77000045776367,42.79999923706055,41.77000045776367,41.9900016784668,41.9900016784668,1237000
2018-05-03,41.9900016784668,41.9900016784668,41.099998474121094,41.439998626708984,41.439998626708984,1270300
2018-05-04,42.2400016784668,45.5,42.2400016784668,44.54999923706055,44.54999923706055,2641500
2018-05-07,45.189998626708984,45.47999954223633,43.68000030517578,44.93000030517578,44.93000030517578,1256600
2018-05-08,44.72999954223633,45.25,44.25,44.650001525878906,44.650001525878906,1489600
2018-05-09,50.400001525878906,56.220001220703125,49.959999084472656,54.619998931884766,54.619998931884766,4793600
2018-05-10,54.439998626708984,56.72999954223633,53.54999923706055,55.439998626708984,55.439998626708984,1785500
2018-05-11,55.439998626708984,57.439998626708984,55.15999984741211,57.2599983215332,57.2599983215332,1110600
2018-05-14,57.43000030517578,58.18000030517578,56.5099983215332,56.9900016784668,56.9900016784668,1089600
2018-05-15,53.869998931884766,54.66999816894531,52.220001220703125,54.540000915527344,54.540000915527344,2099400
2018-05-16,54.540000915527344,56.810001373291016,53.66999816894531,54.33000183105469,54.33000183105469,1972100
2018-05-17,55.27000045776367,57.88999938964844,54.279998779296875,57.119998931884766,57.119998931884766,5517700
2018-05-18,57.52000045776367,58.470001220703125,57.0099983215332,57.95000076293945,57.95000076293945,1508700
2018-05-21,58.279998779296875,59.72999954223633,57.720001220703125,59.650001525878906,59.650001525878906,1285400
2018-05-22,60.08000183105469,62.20000076293945,59.099998474121094,61.720001220703125,61.720001220703125,1899700
2018-05-23,61.2599983215332,61.959999084472656,59.15999984741211,59.79999923706055,59.79999923706055,1749000
2018-05-24,60.0,62.5,59.400001525878906,62.08000183105469,62.08000183105469,1039900
2018-05-25,61.9900016784668,63.5,61.5,63.0099983215332,63.0099983215332,1378400
2018-05-29,63.709999084472656,64.94000244140625,63.150001525878906,63.970001220703125,63.970001220703125,1166200
2018-05-30,64.3499984741211,64.77999877929688,62.65999984741211,63.7400016784668,63.7400016784668,991800
2018-05-31,63.70000076293945,64.73999786376953,63.16999816894531,63.68000030517578,63.68000030517578,998700
2018-06-01,63.970001220703125,65.4000015258789,63.439998626708984,65.30000305175781,65.30000305175781,1109800
2018-06-04,65.2699966430664,66.12999725341797,64.66999816894531,66.06999969482422,66.06999969482422,1013200
2018-06-05,66.06999969482422,67.44999694824219,65.33000183105469,67.05999755859375,67.05999755859375,1427700
2018-06-06,67.63999938964844,69.08999633789062,66.93000030517578,67.9000015258789,67.9000015258789,1128400
2018-06-07,65.44999694824219,65.5,62.25,63.529998779296875,63.529998779296875,2074200
2018-06-08,63.15999984741211,65.73999786376953,63.099998474121094,65.27999877929688,65.27999877929688,1192200
2018-06-11,65.43000030517578,66.18000030517578,64.33999633789062,65.19999694824219,65.19999694824219,750900
2018-06-12,65.13999938964844,66.41999816894531,64.75,65.27999877929688,65.27999877929688,712800
2018-06-13,65.52999877929688,65.58999633789062,64.3499984741211,64.87999725341797,64.87999725341797,847700
2018-06-14,65.20999908447266,65.51000213623047,62.88999938964844,63.66999816894531,63.66999816894531,1104700
2018-06-15,63.2599983215332,64.52999877929688,61.56999969482422,64.4000015258789,64.4000015258789,1920300
2018-06-18,64.4000015258789,66.22000122070312,63.77000045776367,66.12999725341797,66.12999725341797,1029100
2018-06-19,65.5,65.66000366210938,63.09000015258789,65.54000091552734,65.54000091552734,1023200
2018-06-20,66.33000183105469,68.86000061035156,66.19999694824219,68.44999694824219,68.44999694824219,1112900
2018-06-21,68.79000091552734,71.0,65.7300033569336,67.05000305175781,67.05000305175781,1165300
2018-06-22,67.12999725341797,68.1500015258789,66.29000091552734,67.6500015258789,67.6500015258789,989300
2018-06-25,67.20999908447266,67.5999984741211,61.79999923706055,61.970001220703125,61.970001220703125,1388400
2018-06-26,62.279998779296875,63.9900016784668,62.02000045776367,63.16999816894531,63.16999816894531,712500
2018-06-27,63.16999816894531,63.970001220703125,62.0,62.0099983215332,62.0099983215332,683900
2018-06-28,61.84000015258789,64.41999816894531,61.75,64.04000091552734,64.04000091552734,566600
2018-06-29,64.47000122070312,64.95999908447266,62.220001220703125,63.18000030517578,63.18000030517578,632100
2018-07-02,64.0,64.80999755859375,63.0099983215332,64.43000030517578,64.43000030517578,610900
2018-07-03,64.45999908447266,65.30999755859375,63.849998474121094,64.08999633789062,64.08999633789062,339600
2018-07-05,64.69000244140625,65.0,63.70000076293945,64.9800033569336,64.9800033569336,631400
2018-07-06,64.81999969482422,66.02999877929688,64.04000091552734,65.95999908447266,65.95999908447266,516400
2018-07-09,66.5,67.0,65.52999877929688,66.94999694824219,66.94999694824219,665400
2018-07-10,67.27999877929688,68.05999755859375,66.05000305175781,67.3499984741211,67.3499984741211,644400
2018-07-11,66.87999725341797,67.98999786376953,66.5199966430664,66.95999908447266,66.95999908447266,693800
2018-07-12,67.47000122070312,69.22000122070312,66.0,68.94000244140625,68.94000244140625,720100
2018-07-13,69.08000183105469,70.43000030517578,67.43000030517578,67.79000091552734,67.79000091552734,628900
2018-07-16,67.79000091552734,69.18000030517578,67.79000091552734,69.0199966430664,69.0199966430664,542000
2018-07-17,69.12000274658203,70.88999938964844,68.68000030517578,70.63999938964844,70.63999938964844,575900
2018-07-18,70.9000015258789,72.05999755859375,69.30999755859375,71.55000305175781,71.55000305175781,654500
2018-07-19,71.45999908447266,73.33999633789062,71.44999694824219,73.06999969482422,73.06999969482422,845900
2018-07-20,73.48999786376953,74.75,72.51000213623047,73.83000183105469,73.83000183105469,771100
2018-07-23,73.5999984741211,75.18000030517578,73.1500015258789,74.88999938964844,74.88999938964844,803200
2018-07-24,75.25,76.44999694824219,70.77999877929688,72.23999786376953,72.23999786376953,1193600
2018-07-25,71.05999755859375,72.95999908447266,68.37000274658203,72.88999938964844,72.88999938964844,1152100
2018-07-26,72.22000122070312,72.98999786376953,70.94000244140625,72.5,72.5,628200
2018-07-27,72.87000274658203,73.11000061035156,67.51000213623047,68.76000213623047,68.76000213623047,902000
2018-07-30,69.0,69.33999633789062,65.48999786376953,66.41999816894531,66.41999816894531,844800
2018-07-31,66.5,68.31999969482422,66.3499984741211,67.93000030517578,67.93000030517578,793200
2018-08-01,68.3499984741211,69.43000030517578,67.63999938964844,68.41999816894531,68.41999816894531,731200
2018-08-02,68.37999725341797,70.0,67.93000030517578,69.77999877929688,69.77999877929688,494700
2018-08-03,70.63999938964844,71.0,67.93000030517578,69.08999633789062,69.08999633789062,406600
2018-08-06,68.0999984741211,69.11000061035156,65.19000244140625,66.86000061035156,66.86000061035156,1075400
2018-08-07,67.01000213623047,68.16000366210938,66.13999938964844,67.62000274658203,67.62000274658203,1030700
2018-08-08,63.189998626708984,63.189998626708984,56.09000015258789,59.779998779296875,59.779998779296875,4298400
2018-08-09,60.5,61.86000061035156,59.220001220703125,59.33000183105469,59.33000183105469,1102300
2018-08-10,59.27000045776367,61.939998626708984,58.040000915527344,61.470001220703125,61.470001220703125,762400
2018-08-13,61.209999084472656,62.59000015258789,60.56999969482422,60.97999954223633,60.97999954223633,555900
2018-08-14,61.099998474121094,62.59000015258789,60.83000183105469,62.310001373291016,62.310001373291016,500000
2018-08-15,61.2599983215332,62.54999923706055,59.720001220703125,61.02000045776367,61.02000045776367,771200
2018-08-16,61.4900016784668,62.77000045776367,61.13999938964844,62.65999984741211,62.65999984741211,570800
2018-08-17,62.689998626708984,64.18000030517578,62.099998474121094,64.1500015258789,64.1500015258789,583400
2018-08-20,64.44999694824219,64.68000030517578,63.08000183105469,64.16000366210938,64.16000366210938,468400
2018-08-21,64.1500015258789,64.7699966430664,63.720001220703125,63.810001373291016,63.810001373291016,487300
2018-08-22,63.5,64.97000122070312,63.099998474121094,64.3499984741211,64.3499984741211,433300
2018-08-23,64.4000015258789,65.38999938964844,63.709999084472656,64.01000213623047,64.01000213623047,458000
2018-08-24,64.0,65.80000305175781,64.0,65.55000305175781,65.55000305175781,446300
2018-08-27,65.88999938964844,67.30000305175781,65.80000305175781,66.66000366210938,66.66000366210938,374300
2018-08-28,66.97000122070312,67.91999816894531,66.44999694824219,67.30000305175781,67.30000305175781,481600
2018-08-29,67.5,67.5999984741211,66.66000366210938,67.08000183105469,67.08000183105469,374300
2018-08-30,67.0,67.41000366210938,66.16999816894531,66.45999908447266,66.45999908447266,430100
2018-08-31,66.23999786376953,68.48999786376953,66.23999786376953,68.26000213623047,68.26000213623047,397700
2018-09-04,68.0,70.23999786376953,67.1500015258789,69.87999725341797,69.87999725341797,575000
2018-09-05,69.69999694824219,69.87999725341797,66.83999633789062,68.7699966430664,68.7699966430664,573400
2018-09-06,68.88999938964844,70.5,68.7699966430664,70.29000091552734,70.29000091552734,559300
2018-09-07,69.91999816894531,71.95999908447266,69.27999877929688,70.45999908447266,70.45999908447266,528100
2018-09-10,70.95999908447266,72.05000305175781,70.54000091552734,71.87999725341797,71.87999725341797,546900
2018-09-11,71.94000244140625,73.63999938964844,71.5999984741211,72.94000244140625,72.94000244140625,615400
2018-09-12,72.80000305175781,73.30000305175781,70.3499984741211,70.36000061035156,70.36000061035156,667600
2018-09-13,70.58000183105469,72.12999725341797,70.4800033569336,71.43000030517578,71.43000030517578,374400
2018-09-14,72.23999786376953,73.61000061035156,71.63999938964844,73.41000366210938,73.41000366210938,550300
2018-09-17,73.43000030517578,74.13999938964844,68.37000274658203,68.66999816894531,68.66999816894531,889800
2018-09-18,69.05000305175781,70.75,68.94999694824219,69.08000183105469,69.08000183105469,569600
2018-09-19,68.88999938964844,69.30000305175781,66.22000122070312,67.37000274658203,67.37000274658203,722800
2018-09-20,67.77999877929688,68.04000091552734,64.95999908447266,65.45999908447266,65.45999908447266,610500
2018-09-21,65.6500015258789,66.58000183105469,64.37000274658203,64.79000091552734,64.79000091552734,1313500
2018-09-24,64.3499984741211,64.87000274658203,63.20000076293945,63.619998931884766,63.619998931884766,621200
2018-09-25,63.90999984741211,67.33999633789062,63.83000183105469,66.97000122070312,66.97000122070312,665900
2018-09-26,67.1500015258789,67.70999908447266,66.08999633789062,66.38999938964844,66.38999938964844,434400
2018-09-27,66.75,67.94000244140625,66.4000015258789,67.61000061035156,67.61000061035156,352500
2018-09-28,67.47000122070312,69.3499984741211,67.47000122070312,68.43000030517578,68.43000030517578,372900
2018-10-01,68.61000061035156,69.81999969482422,66.58000183105469,66.83999633789062,66.83999633789062,376700
2018-10-02,66.27999877929688,66.4800033569336,63.63999938964844,64.2300033569336,64.2300033569336,461700
2018-10-03,64.58999633789062,65.83000183105469,63.650001525878906,64.76000213623047,64.76000213623047,336900
2018-10-04,64.08999633789062,64.3499984741211,62.29999923706055,62.810001373291016,62.810001373291016,452400
2018-10-05,62.90999984741211,64.23999786376953,61.2400016784668,62.66999816894531,62.66999816894531,466800
2018-10-08,62.459999084472656,64.33000183105469,61.54999923706055,63.40999984741211,63.40999984741211,664000
2018-10-09,63.40999984741211,64.7699966430664,62.16999816894531,62.84000015258789,62.84000015258789,499800
2018-10-10,62.279998779296875,62.279998779296875,57.540000915527344,57.65999984741211,57.65999984741211,1078200
2018-10-11,57.02000045776367,58.79999923706055,56.08000183105469,56.189998626708984,56.189998626708984,820600
2018-10-12,57.849998474121094,59.119998931884766,57.290000915527344,58.86000061035156,58.86000061035156,701800
2018-10-15,57.150001525878906,57.5,54.38999938964844,57.060001373291016,57.060001373291016,789000
2018-10-16,57.599998474121094,61.369998931884766,57.349998474121094,61.2400016784668,61.2400016784668,411800
2018-10-17,62.72999954223633,62.72999954223633,59.52000045776367,61.650001525878906,61.650001525878906,522000
2018-10-18,61.11000061035156,61.900001525878906,58.16999816894531,58.2599983215332,58.2599983215332,514600
2018-10-19,58.4900016784668,59.86000061035156,57.709999084472656,58.52000045776367,58.52000045776367,453700
2018-10-22,55.900001525878906,59.029998779296875,55.11000061035156,57.97999954223633,57.97999954223633,735900
2018-10-23,56.34000015258789,58.45000076293945,55.72999954223633,58.040000915527344,58.040000915527344,622600
2018-10-24,58.45000076293945,59.0,57.369998931884766,57.650001525878906,57.650001525878906,733000
2018-10-25,58.220001220703125,59.439998626708984,57.83000183105469,58.95000076293945,58.95000076293945,473900
2018-10-26,57.45000076293945,59.31999969482422,55.09000015258789,56.95000076293945,56.95000076293945,653900
2018-10-29,58.08000183105469,59.349998474121094,54.810001373291016,55.900001525878906,55.900001525878906,447200
2018-10-30,55.75,58.08000183105469,55.11000061035156,57.95000076293945,57.95000076293945,547600
2018-10-31,58.849998474121094,62.13999938964844,58.849998474121094,61.720001220703125,61.720001220703125,694600
2018-11-01,62.09000015258789,62.09000015258789,59.52000045776367,61.400001525878906,61.400001525878906,715800
2018-11-02,61.93000030517578,62.86000061035156,60.689998626708984,61.20000076293945,61.20000076293945,528500
2018-11-05,61.20000076293945,61.939998626708984,59.20000076293945,60.439998626708984,60.439998626708984,590000
2018-11-06,60.2400016784668,61.709999084472656,59.25,60.08000183105469,60.08000183105469,834400
2018-11-07,54.79999923706055,56.0,49.63999938964844,50.70000076293945,50.70000076293945,2267600
2018-11-08,52.81999969482422,52.900001525878906,50.290000915527344,50.65999984741211,50.65999984741211,1079600
2018-11-09,51.75,53.18000030517578,51.099998474121094,52.25,52.25,1057800
2018-11-12,52.15999984741211,52.66999816894531,49.220001220703125,50.0,50.0,809200
2018-11-13,50.2599983215332,51.779998779296875,49.33000183105469,50.290000915527344,50.290000915527344,889100
2018-11-14,50.290000915527344,50.68000030517578,48.91999816894531,49.56999969482422,49.56999969482422,689700
2018-11-15,49.36000061035156,50.06999969482422,47.79999923706055,49.58000183105469,49.58000183105469,767600
2018-11-16,49.09000015258789,50.02000045776367,48.040000915527344,49.95000076293945,49.95000076293945,777800
2018-11-19,50.0,50.029998779296875,46.77000045776367,46.9900016784668,46.9900016784668,628700
2018-11-20,45.09000015258789,46.279998779296875,43.70000076293945,45.220001220703125,45.220001220703125,1397200
2018-11-21,45.7599983215332,47.16999816894531,45.560001373291016,46.65999984741211,46.65999984741211,534300
2018-11-23,46.20000076293945,47.5,46.20000076293945,46.68000030517578,46.68000030517578,222200
2018-11-26,47.2599983215332,47.689998626708984,46.040000915527344,46.86000061035156,46.86000061035156,381500
2018-11-27,46.68000030517578,47.400001525878906,46.400001525878906,46.52000045776367,46.52000045776367,445700
2018-11-28,46.65999984741211,47.15999984741211,45.2599983215332,45.380001068115234,45.380001068115234,939600
2018-11-29,45.29999923706055,45.93000030517578,43.33000183105469,44.06999969482422,44.06999969482422,1014900
2018-11-30,43.709999084472656,44.279998779296875,42.83000183105469,43.470001220703125,43.470001220703125,1232900
2018-12-03,43.90999984741211,45.5,43.79999923706055,45.18000030517578,45.18000030517578,1568000
2018-12-04,45.150001525878906,46.04999923706055,43.56999969482422,43.63999938964844,43.63999938964844,948600
2018-12-06,42.599998474121094,44.650001525878906,42.0,44.5099983215332,44.5099983215332,854000
2018-12-07,44.369998931884766,45.08000183105469,42.900001525878906,43.52000045776367,43.52000045776367,650300
2018-12-10,43.310001373291016,44.81999969482422,43.310001373291016,44.29999923706055,44.29999923706055,735600
2018-12-11,45.59000015258789,46.290000915527344,43.66999816894531,44.209999084472656,44.209999084472656,1018600
2018-12-12,45.880001068115234,46.880001068115234,45.0,45.59000015258789,45.59000015258789,1034200
2018-12-13,46.0,46.0,44.849998474121094,45.119998931884766,45.119998931884766,576300
2018-12-14,44.599998474121094,45.86000061035156,44.5,44.650001525878906,44.650001525878906,763500
2018-12-17,44.5,45.06999969482422,43.47999954223633,43.79999923706055,43.79999923706055,622000
2018-12-18,44.439998626708984,45.43000030517578,44.130001068115234,44.459999084472656,44.459999084472656,735100
2018-12-19,44.45000076293945,45.529998779296875,44.349998474121094,44.81999969482422,44.81999969482422,846500
2018-12-20,44.439998626708984,45.43000030517578,40.0099983215332,41.369998931884766,41.369998931884766,1195500
2018-12-21,41.5,43.400001525878906,41.33000183105469,41.790000915527344,41.790000915527344,2091200
2018-12-24,40.45000076293945,40.86000061035156,39.43000030517578,39.7400016784668,39.7400016784668,645000
2018-12-26,39.810001373291016,41.810001373291016,39.540000915527344,41.7599983215332,41.7599983215332,625700
2018-12-27,41.16999816894531,43.0099983215332,41.0,43.0,43.0,811900
2018-12-28,43.040000915527344,43.7400016784668,42.02000045776367,43.029998779296875,43.029998779296875,579100
2018-12-31,43.58000183105469,44.2599983215332,43.130001068115234,43.75,43.75,675700
2019-01-02,42.9900016784668,45.119998931884766,42.619998931884766,45.11000061035156,45.11000061035156,1108500
2019-01-03,44.34000015258789,44.70000076293945,42.41999816894531,43.290000915527344,43.290000915527344,964200
2019-01-04,43.95000076293945,46.209999084472656,43.189998626708984,46.0099983215332,46.0099983215332,865900
2019-01-07,46.45000076293945,48.709999084472656,46.38999938964844,48.150001525878906,48.150001525878906,768500
2019-01-08,48.97999954223633,49.90999984741211,48.650001525878906,49.40999984741211,49.40999984741211,769600
2019-01-09,49.84000015258789,50.61000061035156,49.130001068115234,50.2599983215332,50.2599983215332,692400
2019-01-10,49.849998474121094,50.220001220703125,48.810001373291016,49.689998626708984,49.689998626708984,529200
2019-01-11,49.560001373291016,49.88999938964844,48.5,49.45000076293945,49.45000076293945,497800
2019-01-14,49.0,50.11000061035156,48.2400016784668,49.779998779296875,49.779998779296875,454100
2019-01-15,50.130001068115234,50.400001525878906,49.02000045776367,49.349998474121094,49.349998474121094,376400
2019-01-16,49.36000061035156,50.0099983215332,48.68000030517578,49.630001068115234,49.630001068115234,311700
2019-01-17,49.40999984741211,50.61000061035156,49.38999938964844,50.220001220703125,50.220001220703125,485200
2019-01-18,50.41999816894531,50.869998931884766,50.02000045776367,50.189998626708984,50.189998626708984,398600
2019-01-22,49.86000061035156,49.900001525878906,48.04999923706055,48.70000076293945,48.70000076293945,470800
2019-01-23,49.08000183105469,50.04999923706055,47.459999084472656,48.060001373291016,48.060001373291016,428700
2019-01-24,48.11000061035156,48.4900016784668,47.130001068115234,48.43000030517578,48.43000030517578,567100
2019-01-25,48.83000183105469,49.58000183105469,48.310001373291016,49.099998474121094,49.099998474121094,319600
2019-01-28,48.790000915527344,49.38999938964844,48.349998474121094,49.099998474121094,49.099998474121094,290300
2019-01-29,49.13999938964844,49.959999084472656,48.91999816894531,49.040000915527344,49.040000915527344,250300
2019-01-30,49.08000183105469,49.939998626708984,48.040000915527344,49.7400016784668,49.7400016784668,394200
2019-01-31,49.630001068115234,51.290000915527344,49.630001068115234,51.0099983215332,51.0099983215332,354700
2019-02-01,51.11000061035156,51.25,50.45000076293945,50.650001525878906,50.650001525878906,367300
2019-02-04,50.810001373291016,52.959999084472656,50.709999084472656,52.90999984741211,52.90999984741211,487200
2019-02-05,53.0,53.81999969482422,52.220001220703125,52.5,52.5,279400
2019-02-06,52.689998626708984,52.720001220703125,51.41999816894531,52.119998931884766,52.119998931884766,310900
2019-02-07,51.84000015258789,52.40999984741211,51.13999938964844,51.97999954223633,51.97999954223633,375300
2019-02-08,51.75,51.83000183105469,50.810001373291016,51.43000030517578,51.43000030517578,350400
2019-02-11,51.52000045776367,53.2400016784668,51.52000045776367,53.130001068115234,53.130001068115234,425600
2019-02-12,53.79999923706055,54.040000915527344,52.720001220703125,53.29999923706055,53.29999923706055,402500
2019-02-13,53.65999984741211,53.959999084472656,53.060001373291016,53.70000076293945,53.70000076293945,310600
2019-02-14,53.36000061035156,54.77000045776367,53.349998474121094,54.59000015258789,54.59000015258789,305200
2019-02-15,54.900001525878906,55.59000015258789,54.40999984741211,55.43000030517578,55.43000030517578,419400
2019-02-19,55.43000030517578,56.08000183105469,55.209999084472656,55.810001373291016,55.810001373291016,424200
2019-02-20,55.880001068115234,56.34000015258789,55.58000183105469,56.0,56.0,384400
2019-02-21,55.97999954223633,56.18000030517578,55.25,55.4900016784668,55.4900016784668,323600
2019-02-22,55.619998931884766,55.95000076293945,55.0099983215332,55.7400016784668,55.7400016784668,452000
2019-02-25,56.439998626708984,58.5,56.279998779296875,58.04999923706055,58.04999923706055,1428800
2019-02-26,58.619998931884766,60.29999923706055,58.52000045776367,60.220001220703125,60.220001220703125,1686500
2019-02-27,55.459999084472656,55.650001525878906,51.599998474121094,55.4900016784668,55.4900016784668,2666400
2019-02-28,55.130001068115234,55.75,53.54999923706055,53.83000183105469,53.83000183105469,787000
2019-03-01,54.290000915527344,54.599998474121094,53.189998626708984,54.45000076293945,54.45000076293945,992000
2019-03-04,54.540000915527344,54.86000061035156,50.810001373291016,51.20000076293945,51.20000076293945,875400
2019-03-05,51.40999984741211,51.63999938964844,50.5,51.400001525878906,51.400001525878906,670800
2019-03-06,51.5099983215332,52.22999954223633,49.810001373291016,49.97999954223633,49.97999954223633,507700
2019-03-07,49.81999969482422,50.08000183105469,48.20000076293945,48.470001220703125,48.470001220703125,571900
2019-03-08,47.75,47.75,46.279998779296875,46.86000061035156,46.86000061035156,1057200
2019-03-11,46.86000061035156,48.150001525878906,46.5,47.970001220703125,47.970001220703125,656200
2019-03-12,47.959999084472656,48.52000045776367,47.119998931884766,48.33000183105469,48.33000183105469,490400
2019-03-13,48.5,48.900001525878906,47.540000915527344,47.630001068115234,47.630001068115234,493100
2019-03-14,47.689998626708984,48.029998779296875,47.0099983215332,47.04999923706055,47.04999923706055,601800
2019-03-15,47.04999923706055,47.9900016784668,46.849998474121094,47.959999084472656,47.959999084472656,1486400
2019-03-18,48.119998931884766,50.060001373291016,48.09000015258789,50.02000045776367,50.02000045776367,882700
2019-03-19,51.29999923706055,53.2400016784668,51.08000183105469,52.040000915527344,52.040000915527344,1127200
2019-03-20,52.2599983215332,53.060001373291016,50.86000061035156,52.650001525878906,52.650001525878906,684000
2019-03-21,52.279998779296875,54.54999923706055,52.279998779296875,54.540000915527344,54.540000915527344,680100
2019-03-22,54.11000061035156,55.08000183105469,52.0,52.04999923706055,52.04999923706055,785200
2019-03-25,52.0,53.349998474121094,51.439998626708984,52.88999938964844,52.88999938964844,315900
2019-03-26,53.470001220703125,53.61000061035156,52.5099983215332,53.36000061035156,53.36000061035156,597800
2019-03-27,53.34000015258789,54.209999084472656,51.75,52.52000045776367,52.52000045776367,413200
2019-03-28,52.70000076293945,53.97999954223633,52.599998474121094,53.849998474121094,53.849998474121094,298100
2019-03-29,54.369998931884766,55.06999969482422,53.93000030517578,54.40999984741211,54.40999984741211,530400
2019-04-01,54.9900016784668,55.75,54.349998474121094,55.2599983215332,55.2599983215332,359400
2019-04-02,55.439998626708984,55.59000015258789,54.31999969482422,54.380001068115234,54.380001068115234,422600
2019-04-03,54.68000030517578,55.720001220703125,54.439998626708984,55.380001068115234,55.380001068115234,281100
2019-04-04,55.41999816894531,56.27000045776367,54.75,55.119998931884766,55.119998931884766,430300
2019-04-05,56.61000061035156,57.849998474121094,55.869998931884766,57.72999954223633,57.72999954223633,697200
2019-04-08,59.560001373291016,60.65999984741211,58.31999969482422,60.31999969482422,60.31999969482422,791400
2019-04-09,59.83000183105469,60.36000061035156,58.45000076293945,58.65999984741211,58.65999984741211,571100
2019-04-10,58.75,60.369998931884766,58.27000045776367,60.119998931884766,60.119998931884766,524000
2019-04-11,60.09000015258789,61.040000915527344,60.04999923706055,60.91999816894531,60.91999816894531,368200
2019-04-12,61.7400016784668,62.0,61.04999923706055,61.869998931884766,61.869998931884766,465800
2019-04-15,61.84000015258789,62.16999816894531,60.5,60.75,60.75,366400
2019-04-16,61.209999084472656,61.61000061035156,60.91999816894531,61.54999923706055,61.54999923706055,384400
2019-04-17,61.86000061035156,62.2400016784668,60.2599983215332,61.5,61.5,441400
2019-04-18,61.459999084472656,61.459999084472656,59.16999816894531,59.81999969482422,59.81999969482422,398800
2019-04-22,59.81999969482422,61.02000045776367,59.59000015258789,60.7400016784668,60.7400016784668,310600
2019-04-23,61.06999969482422,63.18000030517578,60.9900016784668,62.869998931884766,62.869998931884766,483700
2019-04-24,62.900001525878906,64.0,62.34000015258789,62.58000183105469,62.58000183105469,297400
2019-04-25,62.58000183105469,63.15999984741211,61.79999923706055,62.939998626708984,62.939998626708984,322200
2019-04-26,62.68000030517578,63.209999084472656,62.209999084472656,62.86000061035156,62.86000061035156,488400
2019-04-29,63.02000045776367,64.0,62.279998779296875,63.369998931884766,63.369998931884766,664300
2019-04-30,63.25,64.0199966430664,62.93000030517578,63.5,63.5,669300
2019-05-01,63.83000183105469,64.2699966430664,63.22999954223633,63.790000915527344,63.790000915527344,756600
2019-05-02,63.79999923706055,64.44999694824219,63.560001373291016,64.26000213623047,64.26000213623047,430200
2019-05-03,64.69999694824219,66.11000061035156,64.41999816894531,65.30000305175781,65.30000305175781,734100
2019-05-06,63.790000915527344,66.0999984741211,63.380001068115234,65.83999633789062,65.83999633789062,523600
2019-05-07,64.80999755859375,65.83000183105469,63.869998931884766,64.63999938964844,64.63999938964844,854200
2019-05-08,64.95999908447266,67.87000274658203,64.75,67.0,67.0,795000
2019-05-09,66.48999786376953,67.30000305175781,65.0199966430664,66.7300033569336,66.7300033569336,812000
2019-05-10,67.0,68.80000305175781,61.709999084472656,63.72999954223633,63.72999954223633,1814900
2019-05-13,62.220001220703125,65.04000091552734,62.0,64.76000213623047,64.76000213623047,740200
2019-05-14,64.81999969482422,66.7300033569336,64.80000305175781,66.33000183105469,66.33000183105469,1036300
2019-05-15,65.37999725341797,65.94000244140625,64.5,65.41000366210938,65.41000366210938,488800
2019-05-16,65.51000213623047,68.48999786376953,65.45999908447266,68.18000030517578,68.18000030517578,669100
2019-05-17,67.70999908447266,68.79000091552734,67.3499984741211,68.0,68.0,999200
2019-05-20,67.20999908447266,67.81999969482422,65.06999969482422,65.43000030517578,65.43000030517578,1038000
2019-05-21,66.01000213623047,67.93000030517578,65.23999786376953,67.83999633789062,67.83999633789062,486400
2019-05-22,67.43000030517578,68.31999969482422,67.0,68.30000305175781,68.30000305175781,300100
2019-05-23,67.18000030517578,67.80999755859375,66.2699966430664,67.02999877929688,67.02999877929688,587700
2019-05-24,67.08999633789062,67.4800033569336,66.29000091552734,67.12999725341797,67.12999725341797,455200
2019-05-28,67.45999908447266,69.4000015258789,67.44999694824219,68.51000213623047,68.51000213623047,715800
2019-05-29,67.69999694824219,68.86000061035156,67.55000305175781,68.0199966430664,68.0199966430664,536100
2019-05-30,68.33000183105469,68.56999969482422,67.86000061035156,68.05000305175781,68.05000305175781,926600
2019-05-31,66.93000030517578,69.02999877929688,66.45999908447266,66.77999877929688,66.77999877929688,1030700
2019-06-03,66.6500015258789,67.54000091552734,64.69999694824219,67.45999908447266,67.45999908447266,1522200
2019-06-04,67.98999786376953,68.38999938964844,67.05999755859375,67.62999725341797,67.62999725341797,553700
2019-06-05,67.9800033569336,68.97000122070312,67.44000244140625,68.0,68.0,432000
2019-06-06,67.91000366210938,68.37000274658203,67.16000366210938,67.97000122070312,67.97000122070312,302000
2019-06-07,68.44999694824219,69.55000305175781,68.0,69.18000030517578,69.18000030517578,362100
2019-06-10,69.76000213623047,72.29000091552734,69.5,71.91000366210938,71.91000366210938,868500
2019-06-11,72.0,72.3499984741211,69.13999938964844,70.43000030517578,70.43000030517578,941100
2019-06-12,70.23999786376953,70.48999786376953,69.23999786376953,70.3499984741211,70.3499984741211,832800
2019-06-13,70.63999938964844,71.12999725341797,70.36000061035156,71.11000061035156,71.11000061035156,724500
2019-06-14,70.66000366210938,71.4800033569336,70.61000061035156,70.66999816894531,70.66999816894531,1084200
2019-06-17,70.83000183105469,71.02999877929688,66.61000061035156,68.16999816894531,68.16999816894531,946000
2019-06-18,69.58000183105469,71.22000122070312,65.51000213623047,66.04000091552734,66.04000091552734,1613600
2019-06-19,64.5,69.91999816894531,64.1500015258789,69.9000015258789,69.9000015258789,2352300
2019-06-20,70.20999908447266,73.26000213623047,70.1500015258789,73.20999908447266,73.20999908447266,1014800
2019-06-21,72.4800033569336,73.4800033569336,70.3499984741211,73.30000305175781,73.30000305175781,1666800
2019-06-24,73.3499984741211,74.93000030517578,72.80000305175781,73.20999908447266,73.20999908447266,747100
2019-06-25,71.0,71.5,68.13999938964844,68.83000183105469,68.83000183105469,1889900
2019-06-26,69.19999694824219,69.8499984741211,66.6500015258789,66.87000274658203,66.87000274658203,1307000
2019-06-27,67.0,67.41999816894531,66.22000122070312,66.88999938964844,66.88999938964844,897300
2019-06-28,66.69999694824219,66.79000091552734,64.08000183105469,64.20999908447266,64.20999908447266,9759600
2019-07-01,65.22000122070312,65.9000015258789,63.400001525878906,64.55000305175781,64.55000305175781,1060000
2019-07-02,64.75,64.75,63.02000045776367,63.79999923706055,63.79999923706055,1181500
2019-07-03,64.05000305175781,64.47000122070312,63.91999816894531,64.31999969482422,64.31999969482422,757900
2019-07-05,63.900001525878906,64.4800033569336,63.18000030517578,64.05999755859375,64.05999755859375,468500
2019-07-08,63.810001373291016,63.939998626708984,62.04999923706055,62.310001373291016,62.310001373291016,578500
2019-07-09,62.099998474121094,63.11000061035156,61.70000076293945,62.959999084472656,62.959999084472656,797500
2019-07-10,63.31999969482422,64.16000366210938,63.220001220703125,63.29999923706055,63.29999923706055,854400
2019-07-11,63.459999084472656,64.0999984741211,62.72999954223633,62.91999816894531,62.91999816894531,1148200
2019-07-12,62.900001525878906,64.7300033569336,61.880001068115234,64.5,64.5,924400
2019-07-15,64.6500015258789,65.37000274658203,63.66999816894531,63.779998779296875,63.779998779296875,665700
2019-07-16,63.790000915527344,64.08000183105469,62.83000183105469,63.900001525878906,63.900001525878906,444400
2019-07-17,64.22000122070312,65.44000244140625,63.810001373291016,64.81999969482422,64.81999969482422,617200
2019-07-18,64.70999908447266,65.83000183105469,64.5199966430664,65.76000213623047,65.76000213623047,464700
2019-07-19,65.83000183105469,66.7699966430664,65.69000244140625,65.91999816894531,65.91999816894531,548900
2019-07-22,65.80000305175781,66.44000244140625,65.0999984741211,65.41000366210938,65.41000366210938,333200
2019-07-23,65.94999694824219,66.5199966430664,65.19999694824219,66.18000030517578,66.18000030517578,339400
2019-07-24,66.0,69.41999816894531,65.9000015258789,68.75,68.75,709000
2019-07-25,69.04000091552734,69.45999908447266,68.05000305175781,68.30000305175781,68.30000305175781,461800
2019-07-26,68.4800033569336,70.55000305175781,68.4800033569336,69.5,69.5,570000
2019-07-29,69.68000030517578,70.08000183105469,68.08999633789062,68.4800033569336,68.4800033569336,395800
2019-07-30,68.0,69.66000366210938,67.51000213623047,69.63999938964844,69.63999938964844,544500
2019-07-31,69.76000213623047,71.69000244140625,69.5199966430664,70.22000122070312,70.22000122070312,602400
2019-08-01,70.12000274658203,70.95999908447266,68.37999725341797,68.44000244140625,68.44000244140625,529100
2019-08-02,68.08999633789062,69.23999786376953,67.5,69.08000183105469,69.08000183105469,553600
2019-08-05,67.58000183105469,67.58000183105469,64.26000213623047,65.91000366210938,65.91000366210938,756600
2019-08-06,66.16000366210938,67.48999786376953,65.2300033569336,65.36000061035156,65.36000061035156,839000
2019-08-07,64.5199966430664,65.94000244140625,64.0999984741211,65.54000091552734,65.54000091552734,1066800
2019-08-08,66.25,69.13999938964844,66.25,68.41000366210938,68.41000366210938,1110900
2019-08-09,60.0,61.97999954223633,56.11000061035156,58.09000015258789,58.09000015258789,4054500
2019-08-12,58.59000015258789,60.27000045776367,56.880001068115234,57.5,57.5,1118800
2019-08-13,57.56999969482422,60.619998931884766,57.209999084472656,58.779998779296875,58.779998779296875,743100
2019-08-14,58.68000030517578,58.86000061035156,57.04999923706055,57.86000061035156,57.86000061035156,829000
2019-08-15,57.849998474121094,58.7599983215332,56.95000076293945,57.36000061035156,57.36000061035156,730800
2019-08-16,57.790000915527344,59.38999938964844,56.91999816894531,59.220001220703125,59.220001220703125,711300
2019-08-19,60.400001525878906,60.90999984741211,59.59000015258789,60.11000061035156,60.11000061035156,767800
2019-08-20,60.27000045776367,60.970001220703125,59.349998474121094,60.75,60.75,974100
2019-08-21,61.349998474121094,61.349998474121094,60.22999954223633,60.34000015258789,60.34000015258789,792500
2019-08-22,60.529998779296875,62.630001068115234,60.349998474121094,62.369998931884766,62.369998931884766,668900
2019-08-23,62.150001525878906,62.689998626708984,59.13999938964844,59.369998931884766,59.369998931884766,892600
2019-08-26,60.09000015258789,61.02000045776367,59.04999923706055,60.959999084472656,60.959999084472656,402800
2019-08-27,61.45000076293945,62.349998474121094,60.400001525878906,60.97999954223633,60.97999954223633,548100
2019-08-28,60.709999084472656,61.90999984741211,59.209999084472656,59.939998626708984,59.939998626708984,479900
2019-08-29,61.150001525878906,62.060001373291016,60.939998626708984,61.33000183105469,61.33000183105469,401100
2019-08-30,61.560001373291016,61.75,59.720001220703125,59.970001220703125,59.970001220703125,465700
2019-09-03,59.529998779296875,59.529998779296875,57.900001525878906,58.9900016784668,58.9900016784668,649600
2019-09-04,59.709999084472656,60.2400016784668,59.130001068115234,59.970001220703125,59.970001220703125,345100
2019-09-05,60.869998931884766,61.93000030517578,60.130001068115234,61.189998626708984,61.189998626708984,437600
2019-09-06,61.15999984741211,62.4900016784668,60.63999938964844,61.9900016784668,61.9900016784668,330600
2019-09-09,62.439998626708984,62.439998626708984,59.22999954223633,59.54999923706055,59.54999923706055,633500
2019-09-10,59.290000915527344,60.599998474121094,58.11000061035156,60.56999969482422,60.56999969482422,485500
2019-09-11,60.779998779296875,62.9900016784668,60.31999969482422,62.939998626708984,62.939998626708984,462900
2019-09-12,63.0,64.72000122070312,62.0099983215332,64.37000274658203,64.37000274658203,436600
2019-09-13,64.5,65.66000366210938,63.959999084472656,65.11000061035156,65.11000061035156,473300
2019-09-16,64.83999633789062,66.80000305175781,64.4000015258789,66.19000244140625,66.19000244140625,403400
2019-09-17,66.41999816894531,66.4800033569336,65.18000030517578,66.1500015258789,66.1500015258789,374500
2019-09-18,66.1500015258789,66.4800033569336,64.93000030517578,65.44000244140625,65.44000244140625,402600
2019-09-19,65.0,65.41000366210938,62.25,63.13999938964844,63.13999938964844,800800
2019-09-20,63.09000015258789,64.13999938964844,62.15999984741211,63.540000915527344,63.540000915527344,1008700
2019-09-23,63.209999084472656,64.37999725341797,62.34000015258789,62.5,62.5,609700
2019-09-24,62.61000061035156,63.56999969482422,59.79999923706055,60.95000076293945,60.95000076293945,867800
2019-09-25,60.84000015258789,61.25,59.11000061035156,60.43000030517578,60.43000030517578,409900
2019-09-26,60.439998626708984,60.560001373291016,58.2400016784668,59.0099983215332,59.0099983215332,652200
2019-09-27,59.31999969482422,59.31999969482422,57.61000061035156,58.310001373291016,58.310001373291016,385200
2019-09-30,58.279998779296875,58.54999923706055,56.70000076293945,56.779998779296875,56.779998779296875,851700
2019-10-01,56.849998474121094,57.33000183105469,53.95000076293945,54.220001220703125,54.220001220703125,1024600
2019-10-02,53.68000030517578,53.68000030517578,51.279998779296875,53.2599983215332,53.2599983215332,1200200
2019-10-03,53.09000015258789,54.349998474121094,52.15999984741211,54.29999923706055,54.29999923706055,705000
2019-10-04,54.470001220703125,55.09000015258789,53.56999969482422,54.86000061035156,54.86000061035156,440200
2019-10-07,54.650001525878906,55.15999984741211,53.75,54.619998931884766,54.619998931884766,573800
2019-10-08,54.0099983215332,54.630001068115234,52.59000015258789,52.7599983215332,52.7599983215332,485800
2019-10-09,53.130001068115234,53.33000183105469,52.119998931884766,52.34000015258789,52.34000015258789,536400
2019-10-10,52.2599983215332,52.7599983215332,51.880001068115234,52.540000915527344,52.540000915527344,952200
2019-10-11,53.2400016784668,54.88999938964844,53.0099983215332,53.15999984741211,53.15999984741211,771100
2019-10-14,52.97999954223633,53.43000030517578,51.880001068115234,52.83000183105469,52.83000183105469,491100
2019-10-15,52.84000015258789,53.63999938964844,52.439998626708984,53.31999969482422,53.31999969482422,397300
2019-10-16,52.939998626708984,53.13999938964844,51.5099983215332,51.88999938964844,51.88999938964844,649100
2019-10-17,52.0,52.59000015258789,51.65999984741211,51.75,51.75,397800
2019-10-18,51.41999816894531,51.47999954223633,49.79999923706055,50.54999923706055,50.54999923706055,1065600
2019-10-21,51.189998626708984,52.470001220703125,50.56999969482422,52.31999969482422,52.31999969482422,535600
2019-10-22,52.29999923706055,53.41999816894531,51.779998779296875,53.20000076293945,53.20000076293945,824500
2019-10-23,53.400001525878906,54.209999084472656,53.20000076293945,53.709999084472656,53.709999084472656,578300
2019-10-24,53.81999969482422,55.060001373291016,53.560001373291016,54.91999816894531,54.91999816894531,508700
2019-10-25,54.689998626708984,55.16999816894531,54.20000076293945,54.2599983215332,54.2599983215332,364800
2019-10-28,54.72999954223633,55.25,54.189998626708984,54.75,54.75,507900
2019-10-29,54.560001373291016,55.209999084472656,52.810001373291016,52.97999954223633,52.97999954223633,551800
2019-10-30,52.84000015258789,53.459999084472656,51.79999923706055,52.529998779296875,52.529998779296875,656800
2019-10-31,52.470001220703125,52.66999816894531,50.779998779296875,51.130001068115234,51.130001068115234,980500
2019-11-01,51.4900016784668,53.33000183105469,51.0,52.52000045776367,52.52000045776367,1085400
2019-11-04,53.150001525878906,53.349998474121094,51.47999954223633,51.869998931884766,51.869998931884766,689300
2019-11-05,51.869998931884766,54.130001068115234,51.720001220703125,53.09000015258789,53.09000015258789,835900
2019-11-06,53.13999938964844,53.689998626708984,51.939998626708984,52.2400016784668,52.2400016784668,714800
2019-11-07,53.22999954223633,55.72999954223633,52.20000076293945,52.40999984741211,52.40999984741211,1368800
2019-11-08,61.939998626708984,71.0,61.0,65.29000091552734,65.29000091552734,4437400
2019-11-11,64.76000213623047,65.54000091552734,62.61000061035156,64.44999694824219,64.44999694824219,1259100
2019-11-12,64.4800033569336,64.75,63.34000015258789,64.01000213623047,64.01000213623047,754500
2019-11-13,63.529998779296875,64.9800033569336,63.2599983215332,64.6500015258789,64.6500015258789,578600
2019-11-14,64.6500015258789,67.05000305175781,64.44000244140625,66.69000244140625,66.69000244140625,641500
2019-11-15,67.3499984741211,68.3499984741211,66.37000274658203,67.37000274658203,67.37000274658203,724500
2019-11-18,67.23999786376953,67.83000183105469,66.3499984741211,67.72000122070312,67.72000122070312,544000
2019-11-19,67.87000274658203,69.11000061035156,67.63999938964844,68.4800033569336,68.4800033569336,560700
2019-11-20,67.94000244140625,72.0,67.44999694824219,71.9800033569336,71.9800033569336,1290900
2019-11-21,72.0,73.06999969482422,71.22000122070312,71.9000015258789,71.9000015258789,906200
2019-11-22,72.1500015258789,72.44000244140625,71.16999816894531,72.08999633789062,72.08999633789062,350600
2019-11-25,72.73999786376953,74.8499984741211,72.41000366210938,74.33000183105469,74.33000183105469,671300
2019-11-26,74.80000305175781,77.66000366210938,74.5,76.93000030517578,76.93000030517578,1591900
2019-11-27,74.80999755859375,76.06999969482422,72.0199966430664,75.56999969482422,75.56999969482422,1450400
2019-11-29,75.06999969482422,75.8499984741211,73.63999938964844,73.80000305175781,73.80000305175781,416100
2019-12-02,74.13999938964844,75.2699966430664,73.43000030517578,73.72000122070312,73.72000122070312,613600
2019-12-03,72.30999755859375,74.12999725341797,71.30999755859375,73.83000183105469,73.83000183105469,648100
2019-12-04,74.22000122070312,75.6500015258789,72.56999969482422,72.76000213623047,72.76000213623047,823300
2019-12-05,72.36000061035156,73.87000274658203,72.0199966430664,72.81999969482422,72.81999969482422,396800
2019-12-06,73.58000183105469,74.26000213623047,71.68000030517578,71.87000274658203,71.87000274658203,609600
2019-12-09,71.88999938964844,73.69999694824219,71.5199966430664,72.2699966430664,72.2699966430664,559900
2019-12-10,72.93000030517578,72.93000030517578,72.16000366210938,72.63999938964844,72.63999938964844,407800
2019-12-11,72.68000030517578,73.41999816894531,71.93000030517578,72.48999786376953,72.48999786376953,338900
2019-12-12,72.37000274658203,73.06999969482422,70.61000061035156,71.80999755859375,71.80999755859375,416800
2019-12-13,71.70999908447266,72.81999969482422,71.45999908447266,72.47000122070312,72.47000122070312,348200
2019-12-16,72.69999694824219,74.66000366210938,72.68000030517578,73.19000244140625,73.19000244140625,700600
2019-12-17,72.62999725341797,72.87000274658203,71.12999725341797,71.3499984741211,71.3499984741211,713300
2019-12-18,71.37999725341797,71.72000122070312,69.5199966430664,69.83000183105469,69.83000183105469,588400
2019-12-19,69.83999633789062,70.3499984741211,69.0999984741211,70.31999969482422,70.31999969482422,417600
2019-12-20,70.54000091552734,71.43000030517578,70.19999694824219,71.23999786376953,71.23999786376953,842800
2019-12-23,71.73999786376953,72.25,71.0999984741211,72.23999786376953,72.23999786376953,352800
2019-12-24,72.44000244140625,73.33000183105469,72.30000305175781,73.08999633789062,73.08999633789062,300000
2019-12-26,73.16000366210938,73.72000122070312,72.38999938964844,72.9000015258789,72.9000015258789,247100
2019-12-27,73.04000091552734,73.2699966430664,72.41000366210938,72.9000015258789,72.9000015258789,418700
2019-12-30,72.9000015258789,74.63999938964844,72.58999633789062,73.51000213623047,73.51000213623047,410600
2019-12-31,73.19000244140625,74.08000183105469,72.72000122070312,73.27999877929688,73.27999877929688,540200
2020-01-02,74.0199966430664,76.62000274658203,73.33999633789062,76.55999755859375,76.55999755859375,849400
2020-01-03,72.30000305175781,75.56999969482422,68.68000030517578,73.93000030517578,73.93000030517578,2187900
2020-01-06,74.12000274658203,74.48999786376953,68.08999633789062,68.75,68.75,1727000
2020-01-07,68.81999969482422,70.7300033569336,68.31999969482422,69.7699966430664,69.7699966430664,766300
2020-01-08,69.94999694824219,71.62999725341797,69.51000213623047,69.61000061035156,69.61000061035156,911200
2020-01-09,70.08999633789062,71.0,69.94000244140625,70.19000244140625,70.19000244140625,549600
2020-01-10,70.22000122070312,70.8499984741211,69.20999908447266,69.51000213623047,69.51000213623047,574800
2020-01-13,69.83000183105469,70.9000015258789,69.5,70.7699966430664,70.7699966430664,426800
2020-01-14,70.66999816894531,71.8499984741211,69.47000122070312,71.36000061035156,71.36000061035156,1030500
2020-01-15,71.54000091552734,72.97000122070312,71.54000091552734,72.69999694824219,72.69999694824219,389800
2020-01-16,73.12000274658203,75.30999755859375,73.12000274658203,75.22000122070312,75.22000122070312,522500
2020-01-17,75.52999877929688,75.8499984741211,73.55000305175781,73.5999984741211,73.5999984741211,346700
2020-01-21,73.25,75.44000244140625,73.25,75.26000213623047,75.26000213623047,509100
2020-01-22,75.5999984741211,79.44999694824219,75.5999984741211,79.08000183105469,79.08000183105469,1681400
2020-01-23,79.06999969482422,80.66000366210938,78.58000183105469,78.63999938964844,78.63999938964844,748800
2020-01-24,79.19000244140625,80.83999633789062,77.29000091552734,80.55000305175781,80.55000305175781,1104800
2020-01-27,78.58999633789062,79.45999908447266,77.81999969482422,77.91000366210938,77.91000366210938,966500
2020-01-28,78.30999755859375,80.13999938964844,77.79000091552734,78.97000122070312,78.97000122070312,512700
2020-01-29,79.7699966430664,80.79000091552734,78.75,79.91000366210938,79.91000366210938,446200
2020-01-30,79.19999694824219,80.04000091552734,77.13999938964844,78.33999633789062,78.33999633789062,332100
2020-01-31,78.16000366210938,78.61000061035156,76.37999725341797,76.80999755859375,76.80999755859375,537700
2020-02-03,77.37000274658203,78.29000091552734,76.5,77.58999633789062,77.58999633789062,511300
2020-02-04,78.98999786376953,82.48999786376953,78.69000244140625,81.79000091552734,81.79000091552734,717200
2020-02-05,83.2300033569336,83.62999725341797,79.7699966430664,81.80999755859375,81.80999755859375,614300
2020-02-06,82.22000122070312,83.9000015258789,81.25,83.52999877929688,83.52999877929688,494700
2020-02-07,83.36000061035156,83.8499984741211,81.66999816894531,82.8499984741211,82.8499984741211,309500
2020-02-10,82.87999725341797,85.7300033569336,82.77999877929688,85.44000244140625,85.44000244140625,648400
2020-02-11,86.04000091552734,87.51000213623047,84.88999938964844,87.13999938964844,87.13999938964844,531900
2020-02-12,87.7699966430664,88.2300033569336,86.44000244140625,87.9800033569336,87.9800033569336,642500
2020-02-13,87.52999877929688,89.16000366210938,87.2300033569336,87.73999786376953,87.73999786376953,547700
2020-02-14,87.86000061035156,88.44000244140625,86.69999694824219,87.11000061035156,87.11000061035156,592100
2020-02-18,87.22000122070312,87.7300033569336,86.12000274658203,87.30999755859375,87.30999755859375,446800
2020-02-19,87.87999725341797,90.0999984741211,87.45999908447266,88.9000015258789,88.9000015258789,549500
2020-02-20,86.1500015258789,87.88999938964844,82.33000183105469,86.45999908447266,86.45999908447266,886700
2020-02-21,86.73999786376953,87.08999633789062,84.61000061035156,85.98999786376953,85.98999786376953,469000
2020-02-24,79.73999786376953,84.80999755859375,77.94999694824219,82.41000366210938,82.41000366210938,945300
2020-02-25,82.81999969482422,84.22000122070312,79.13999938964844,79.51000213623047,79.51000213623047,765900
2020-02-26,79.5999984741211,82.86000061035156,79.48999786376953,80.4000015258789,80.4000015258789,675400
2020-02-27,77.9000015258789,80.81999969482422,74.20999908447266,77.12000274658203,77.12000274658203,1039000
2020-02-28,72.0,78.11000061035156,71.0,77.37000274658203,77.37000274658203,1852300
2020-03-02,77.93000030517578,82.68000030517578,75.75,82.33999633789062,82.33999633789062,1405300
2020-03-03,82.69999694824219,83.4800033569336,77.2699966430664,78.0999984741211,78.0999984741211,940800
2020-03-04,79.80000305175781,81.2699966430664,78.27999877929688,80.66000366210938,80.66000366210938,760600
2020-03-05,78.23999786376953,79.63999938964844,73.8499984741211,75.16999816894531,75.16999816894531,817100
2020-03-06,72.45999908447266,75.63999938964844,71.55000305175781,74.44000244140625,74.44000244140625,814300
2020-03-09,69.16999816894531,70.5199966430664,62.65999984741211,66.11000061035156,66.11000061035156,1024400
2020-03-10,69.0199966430664,69.0199966430664,63.599998474121094,67.11000061035156,67.11000061035156,775800
2020-03-11,64.87999725341797,66.36000061035156,59.599998474121094,60.470001220703125,60.470001220703125,1165800
2020-03-12,54.189998626708984,59.97999954223633,51.86000061035156,56.720001220703125,56.720001220703125,1225900
2020-03-13,60.33000183105469,62.790000915527344,54.70000076293945,62.43000030517578,62.43000030517578,996800
2020-03-16,54.31999969482422,58.650001525878906,52.7599983215332,53.91999816894531,53.91999816894531,1015200
2020-03-17,54.41999816894531,57.380001068115234,51.29999923706055,57.150001525878906,57.150001525878906,993400
2020-03-18,53.20000076293945,55.869998931884766,50.04999923706055,52.61000061035156,52.61000061035156,935700
2020-03-19,52.88999938964844,64.25,52.2400016784668,62.0099983215332,62.0099983215332,1219000
2020-03-20,62.150001525878906,65.22000122070312,59.79999923706055,60.779998779296875,60.779998779296875,1270700
2020-03-23,60.529998779296875,65.01000213623047,58.060001373291016,63.40999984741211,63.40999984741211,840700
2020-03-24,66.66000366210938,70.95999908447266,66.5,69.83000183105469,69.83000183105469,824400
2020-03-25,69.83999633789062,74.08999633789062,66.58999633789062,71.1500015258789,71.1500015258789,803500
2020-03-26,72.63999938964844,77.86000061035156,72.30999755859375,76.5199966430664,76.5199966430664,745700
2020-03-27,73.08000183105469,77.2300033569336,71.87000274658203,74.41000366210938,74.41000366210938,824600
2020-03-30,74.30000305175781,76.36000061035156,69.0999984741211,69.45999908447266,69.45999908447266,1103100
2020-03-31,69.02999877929688,72.72000122070312,67.95999908447266,70.7699966430664,70.7699966430664,1286100
2020-04-01,67.58000183105469,69.66999816894531,63.70000076293945,64.72000122070312,64.72000122070312,690300
2020-04-02,64.98999786376953,67.29000091552734,61.22999954223633,62.63999938964844,62.63999938964844,508200
2020-04-03,61.9900016784668,62.41999816894531,60.54999923706055,61.5099983215332,61.5099983215332,557700
2020-04-06,64.55999755859375,68.6500015258789,63.7599983215332,68.0,68.0,773100
2020-04-07,70.66999816894531,71.98999786376953,68.0999984741211,68.95999908447266,68.95999908447266,769700
2020-04-08,70.2699966430664,73.4000015258789,69.4000015258789,72.4800033569336,72.4800033569336,565400
2020-04-09,73.73999786376953,76.25,72.5999984741211,74.69999694824219,74.69999694824219,443200
2020-04-13,73.76000213623047,74.37999725341797,71.66999816894531,73.48999786376953,73.48999786376953,326300
2020-04-14,75.0999984741211,77.54000091552734,74.9000015258789,76.62000274658203,76.62000274658203,418400
2020-04-15,73.88999938964844,75.48999786376953,72.33999633789062,74.12999725341797,74.12999725341797,463700
2020-04-16,74.5199966430664,75.0,70.6500015258789,72.7699966430664,72.7699966430664,627400
2020-04-17,75.8499984741211,77.2300033569336,75.0999984741211,76.72000122070312,76.72000122070312,544000
2020-04-20,74.4800033569336,80.16000366210938,74.37999725341797,76.77999877929688,76.77999877929688,1562400
2020-04-21,74.75,76.41000366210938,69.6500015258789,70.5999984741211,70.5999984741211,849600
2020-04-22,73.05000305175781,74.0199966430664,71.23999786376953,73.33000183105469,73.33000183105469,341500
2020-04-23,74.05000305175781,75.25,70.5999984741211,70.75,70.75,502800
2020-04-24,71.08999633789062,72.19999694824219,69.3499984741211,71.83999633789062,71.83999633789062,815900
2020-04-27,72.5,73.91000366210938,71.66999816894531,72.1500015258789,72.1500015258789,611600
2020-04-28,73.62999725341797,76.0,71.12000274658203,75.33999633789062,75.33999633789062,658500
2020-04-29,77.47000122070312,77.47000122070312,73.91000366210938,75.23999786376953,75.23999786376953,747800
2020-04-30,75.0,75.2300033569336,71.9000015258789,72.70999908447266,72.70999908447266,520300
2020-05-01,71.4000015258789,72.93000030517578,69.05000305175781,69.5199966430664,69.5199966430664,560900
2020-05-04,68.13999938964844,69.0,65.5,67.0,67.0,883700
2020-05-05,68.08999633789062,68.80999755859375,65.7699966430664,65.8499984741211,65.8499984741211,613300
2020-05-06,66.9000015258789,68.2300033569336,65.63999938964844,66.12999725341797,66.12999725341797,517600
2020-05-07,67.54000091552734,71.56999969482422,67.0,70.27999877929688,70.27999877929688,786800
2020-05-08,77.29000091552734,86.4800033569336,76.52999877929688,86.12999725341797,86.12999725341797,3492100
2020-05-11,86.0,89.43000030517578,84.06999969482422,84.91999816894531,84.91999816894531,1357700
2020-05-12,84.01000213623047,85.98999786376953,83.41000366210938,83.4800033569336,83.4800033569336,986800
2020-05-13,84.0,84.91000366210938,79.0999984741211,80.16999816894531,80.16999816894531,878000
2020-05-14,78.80000305175781,79.08000183105469,74.73999786376953,75.5999984741211,75.5999984741211,852800
2020-05-15,75.4000015258789,77.75,73.62000274658203,73.91000366210938,73.91000366210938,580600
2020-05-18,76.02999877929688,79.0,73.62000274658203,74.86000061035156,74.86000061035156,668100
2020-05-19,74.38999938964844,76.22000122070312,73.69000244140625,74.7300033569336,74.7300033569336,703000
2020-05-20,76.86000061035156,77.37000274658203,75.66000366210938,76.20999908447266,76.20999908447266,426800
2020-05-21,76.22000122070312,77.54000091552734,72.87999725341797,76.55999755859375,76.55999755859375,677000
2020-05-22,77.11000061035156,77.19000244140625,73.5999984741211,74.11000061035156,74.11000061035156,590900
2020-05-26,75.75,76.79000091552734,74.79000091552734,75.80000305175781,75.80000305175781,503700
2020-05-27,76.79000091552734,76.79000091552734,71.20999908447266,75.69999694824219,75.69999694824219,687900
2020-05-28,77.08000183105469,78.68000030517578,73.04000091552734,73.19999694824219,73.19999694824219,657400
2020-05-29,72.77999877929688,76.13999938964844,72.13999938964844,75.95999908447266,75.95999908447266,792700
2020-06-01,84.19000244140625,92.0,82.80000305175781,89.75,89.75,4979100
2020-06-02,91.80000305175781,99.62000274658203,91.0,97.8499984741211,97.8499984741211,3639900
2020-06-03,97.4800033569336,97.95999908447266,90.31999969482422,91.18000030517578,91.18000030517578,2102500
2020-06-04,91.0,93.58999633789062,90.4000015258789,93.33999633789062,93.33999633789062,1070300
2020-06-05,96.18000030517578,97.22000122070312,92.02999877929688,92.79000091552734,92.79000091552734,850300
2020-06-08,96.56999969482422,98.58000183105469,94.19999694824219,97.2699966430664,97.2699966430664,1273300
2020-06-09,96.75,104.76000213623047,96.0999984741211,100.2699966430664,100.2699966430664,2296400
2020-06-10,101.54000091552734,104.9000015258789,100.27999877929688,103.25,103.25,1780800
2020-06-11,98.51000213623047,98.58000183105469,90.0,90.01000213623047,90.01000213623047,1495800
2020-06-12,97.5999984741211,97.5999984741211,91.62999725341797,94.08999633789062,94.08999633789062,1132700
2020-06-15,91.80000305175781,100.41000366210938,91.55000305175781,100.3499984741211,100.3499984741211,1426900
2020-06-16,100.48999786376953,100.5199966430664,91.80000305175781,93.66000366210938,93.66000366210938,2343000
2020-06-17,93.12000274658203,96.93000030517578,93.0,94.8499984741211,94.8499984741211,2783600
2020-06-18,94.36000061035156,96.3499984741211,91.80000305175781,91.80999755859375,91.80999755859375,1181300
2020-06-19,92.77999877929688,93.48999786376953,88.69000244140625,90.12000274658203,90.12000274658203,2134100
2020-06-22,90.5,93.69999694824219,88.52999877929688,92.5,92.5,850900
2020-06-23,93.41000366210938,97.73999786376953,92.08000183105469,95.54000091552734,95.54000091552734,1920600
2020-06-24,94.4000015258789,97.16000366210938,91.86000061035156,93.43000030517578,93.43000030517578,1397300
2020-06-25,92.70999908447266,95.94999694824219,91.52999877929688,95.94999694824219,95.94999694824219,1005600
2020-06-26,95.87999725341797,97.72000122070312,94.16999816894531,96.05999755859375,96.05999755859375,7776900
2020-06-29,97.19000244140625,97.25,92.41000366210938,95.80000305175781,95.80000305175781,761700
2020-06-30,95.19999694824219,100.6500015258789,95.19999694824219,98.12999725341797,98.12999725341797,1101900
2020-07-01,98.63999938964844,100.13999938964844,97.54000091552734,99.37000274658203,99.37000274658203,595800
2020-07-02,100.2300033569336,101.83999633789062,99.4000015258789,100.33999633789062,100.33999633789062,685500
2020-07-06,102.0,102.4000015258789,98.8499984741211,99.63999938964844,99.63999938964844,667900
2020-07-07,99.04000091552734,101.05000305175781,95.61000061035156,96.05999755859375,96.05999755859375,1091700
2020-07-08,96.83000183105469,99.0,96.05999755859375,96.93000030517578,96.93000030517578,662000
2020-07-09,97.16999816894531,98.04000091552734,95.18000030517578,96.43000030517578,96.43000030517578,481500
2020-07-10,96.13999938964844,97.8499984741211,95.33999633789062,95.91000366210938,95.91000366210938,467600
2020-07-13,97.16999816894531,97.16999816894531,90.27999877929688,90.7699966430664,90.7699966430664,656000
2020-07-14,90.75,92.86000061035156,87.75,92.83000183105469,92.83000183105469,686600
2020-07-15,94.0,94.69999694824219,91.55999755859375,92.63999938964844,92.63999938964844,438800
2020-07-16,92.3499984741211,92.3499984741211,90.27999877929688,91.08000183105469,91.08000183105469,447000
2020-07-17,91.55000305175781,91.62000274658203,90.26000213623047,90.72000122070312,90.72000122070312,468900
2020-07-20,91.0,93.4000015258789,90.76000213623047,92.23999786376953,92.23999786376953,674300
2020-07-21,94.13999938964844,95.0,91.76000213623047,92.11000061035156,92.11000061035156,565300
2020-07-22,91.62999725341797,93.05999755859375,88.2300033569336,89.12000274658203,89.12000274658203,836900
2020-07-23,88.91999816894531,89.88999938964844,86.55999755859375,87.52999877929688,87.52999877929688,660400
2020-07-24,86.56999969482422,87.47000122070312,83.66000366210938,85.62000274658203,85.62000274658203,664800
2020-07-27,86.13999938964844,87.4000015258789,84.97000122070312,86.44000244140625,86.44000244140625,519200
2020-07-28,86.04000091552734,86.80999755859375,84.95999908447266,85.8499984741211,85.8499984741211,374500
2020-07-29,86.06999969482422,86.79000091552734,84.7300033569336,84.88999938964844,84.88999938964844,413200
2020-07-30,84.05999755859375,85.70999908447266,83.4800033569336,84.87999725341797,84.87999725341797,493400
2020-07-31,85.66000366210938,86.05000305175781,82.44999694824219,83.12999725341797,83.12999725341797,680300
2020-08-03,83.79000091552734,88.9000015258789,83.5,88.5,88.5,644000
2020-08-04,88.0199966430664,89.56999969482422,87.5,89.51000213623047,89.51000213623047,652000
2020-08-05,90.0,93.12000274658203,89.41000366210938,92.63999938964844,92.63999938964844,780300
2020-08-06,92.55000305175781,93.70999908447266,91.05999755859375,91.66999816894531,91.66999816894531,950900
2020-08-07,85.5,88.0,82.5,83.87999725341797,83.87999725341797,2278800
2020-08-10,84.23999786376953,85.1500015258789,82.94999694824219,83.13999938964844,83.13999938964844,674200
2020-08-11,83.5,83.5,79.12000274658203,79.2300033569336,79.2300033569336,940400
2020-08-12,79.5999984741211,80.13999938964844,78.27999877929688,79.76000213623047,79.76000213623047,921500
2020-08-13,80.1500015258789,82.31999969482422,79.87999725341797,80.41000366210938,80.41000366210938,358200
2020-08-14,80.87000274658203,81.83000183105469,79.12999725341797,79.58000183105469,79.58000183105469,258000
2020-08-17,80.06999969482422,80.6500015258789,79.3499984741211,79.62000274658203,79.62000274658203,393200
2020-08-18,79.88999938964844,80.0,78.36000061035156,79.3499984741211,79.3499984741211,404200
2020-08-19,79.7300033569336,82.08000183105469,79.16999816894531,80.95999908447266,80.95999908447266,535900
2020-08-20,80.36000061035156,82.08000183105469,80.29000091552734,81.75,81.75,479900
2020-08-21,81.54000091552734,82.68000030517578,80.6500015258789,82.61000061035156,82.61000061035156,604900
2020-08-24,83.66000366210938,84.13999938964844,81.68000030517578,83.25,83.25,743500
2020-08-25,83.26000213623047,87.51000213623047,82.86000061035156,85.2300033569336,85.2300033569336,1041300
2020-08-26,85.01000213623047,86.41999816894531,84.27999877929688,85.19000244140625,85.19000244140625,496400
2020-08-27,86.19000244140625,86.7300033569336,85.2699966430664,85.38999938964844,85.38999938964844,502500
2020-08-28,85.38999938964844,85.97000122070312,83.29000091552734,83.83999633789062,83.83999633789062,464000
2020-08-31,83.73999786376953,85.94999694824219,83.5,85.68000030517578,85.68000030517578,403200
2020-09-01,85.19999694824219,88.6500015258789,84.77999877929688,87.43000030517578,87.43000030517578,490600
2020-09-02,88.13999938964844,88.73999786376953,86.1500015258789,88.12999725341797,88.12999725341797,403100
2020-09-03,87.5199966430664,87.5999984741211,83.4000015258789,84.54000091552734,84.54000091552734,532900
2020-09-04,84.9800033569336,85.5199966430664,81.1500015258789,82.66999816894531,82.66999816894531,515000
2020-09-08,80.5,83.13999938964844,79.72000122070312,81.3499984741211,81.3499984741211,578200
2020-09-09,82.25,85.58000183105469,82.19999694824219,85.23999786376953,85.23999786376953,2646400
2020-09-10,85.47000122070312,87.29000091552734,83.91000366210938,84.29000091552734,84.29000091552734,579100
2020-09-11,84.94999694824219,85.26000213623047,83.12000274658203,83.91000366210938,83.91000366210938,553500
2020-09-14,84.26000213623047,85.44000244140625,82.81999969482422,83.83999633789062,83.83999633789062,376200
2020-09-15,84.58000183105469,84.58000183105469,83.05000305175781,84.4000015258789,84.4000015258789,360700
2020-09-16,85.0,85.04000091552734,83.4000015258789,83.7300033569336,83.7300033569336,327300
2020-09-17,83.0,83.23999786376953,81.6500015258789,82.83000183105469,82.83000183105469,293100
2020-09-18,83.1500015258789,83.3499984741211,80.75,82.55000305175781,82.55000305175781,813700
2020-09-21,81.33000183105469,83.76000213623047,80.54000091552734,83.18000030517578,83.18000030517578,534500
2020-09-22,84.01000213623047,87.12000274658203,83.06999969482422,86.87999725341797,86.87999725341797,895600
2020-09-23,87.0,88.69000244140625,86.0,86.70999908447266,86.70999908447266,637800
2020-09-24,86.0,86.7300033569336,84.0999984741211,85.38999938964844,85.38999938964844,464500
2020-09-25,85.25,87.37999725341797,84.58000183105469,87.19999694824219,87.19999694824219,439300
2020-09-28,88.08999633789062,89.5199966430664,87.55000305175781,87.91000366210938,87.91000366210938,509300
2020-09-29,87.91999816894531,89.1500015258789,87.0999984741211,88.62000274658203,88.62000274658203,391400
2020-09-30,89.36000061035156,91.83000183105469,89.16999816894531,90.69999694824219,90.69999694824219,892600
2020-10-01,91.83999633789062,96.08999633789062,91.30999755859375,95.61000061035156,95.61000061035156,886700
2020-10-02,93.5,94.48999786376953,90.87000274658203,91.55000305175781,91.55000305175781,474800
2020-10-05,92.22000122070312,93.44999694824219,90.16999816894531,91.83999633789062,91.83999633789062,433000
2020-10-06,92.19999694824219,94.47000122070312,91.45999908447266,93.22000122070312,93.22000122070312,456300
2020-10-07,94.54000091552734,96.36000061035156,93.91000366210938,96.06999969482422,96.06999969482422,390000
2020-10-08,96.8499984741211,97.37999725341797,95.54000091552734,97.06999969482422,97.06999969482422,378100
2020-10-09,97.56999969482422,99.66999816894531,97.55999755859375,98.98999786376953,98.98999786376953,443200
2020-10-12,99.72000122070312,100.12000274658203,98.12999725341797,99.18000030517578,99.18000030517578,501500
2020-10-13,99.0,101.87000274658203,98.5999984741211,101.75,101.75,452200
2020-10-14,102.0,103.70999908447266,100.16999816894531,101.41999816894531,101.41999816894531,359000
2020-10-15,100.05000305175781,106.55000305175781,99.0,105.86000061035156,105.86000061035156,913500
2020-10-16,107.51000213623047,109.73999786376953,105.7699966430664,109.16000366210938,109.16000366210938,729800
2020-10-19,109.77999877929688,113.0,107.43000030517578,107.62000274658203,107.62000274658203,713100
2020-10-20,108.41000366210938,109.33999633789062,105.2699966430664,106.06999969482422,106.06999969482422,684900
2020-10-21,106.69000244140625,107.62000274658203,103.05999755859375,103.26000213623047,103.26000213623047,617500
2020-10-22,104.16999816894531,105.48999786376953,102.66999816894531,103.63999938964844,103.63999938964844,512200
2020-10-23,104.19999694824219,104.72000122070312,102.16000366210938,102.91000366210938,102.91000366210938,578800
2020-10-26,102.0,103.31999969482422,100.51000213623047,101.93000030517578,101.93000030517578,335800
2020-10-27,102.20999908447266,102.55999755859375,100.5999984741211,101.05000305175781,101.05000305175781,289200
2020-10-28,100.0,102.80000305175781,99.08999633789062,102.0,102.0,456200
2020-10-29,102.8499984741211,104.12000274658203,101.75,103.4000015258789,103.4000015258789,521400
2020-10-30,103.01000213623047,103.43000030517578,98.01000213623047,98.9000015258789,98.9000015258789,447300
2020-11-02,99.66999816894531,101.31999969482422,96.66000366210938,97.94999694824219,97.94999694824219,444300
2020-11-03,97.91999816894531,101.9800033569336,97.72000122070312,101.68000030517578,101.68000030517578,391800
2020-11-04,103.01000213623047,107.41000366210938,103.0,105.05000305175781,105.05000305175781,563700
2020-11-05,106.06999969482422,110.4000015258789,105.70999908447266,108.5,108.5,581200
2020-11-06,116.01000213623047,127.48999786376953,116.0,122.58999633789062,122.58999633789062,1860000
2020-11-09,126.51000213623047,128.38999938964844,121.2699966430664,124.26000213623047,124.26000213623047,943000
2020-11-10,123.01000213623047,125.18000030517578,116.80000305175781,119.0,119.0,942000
2020-11-11,119.41999816894531,121.7699966430664,117.58000183105469,118.30000305175781,118.30000305175781,485800
2020-11-12,118.01000213623047,119.58999633789062,117.0,118.1500015258789,118.1500015258789,396500
2020-11-13,119.05000305175781,121.19999694824219,117.36000061035156,120.9800033569336,120.9800033569336,421200
2020-11-16,122.0999984741211,122.0999984741211,117.69999694824219,119.33000183105469,119.33000183105469,501800
2020-11-17,118.44000244140625,119.55000305175781,116.62000274658203,119.05000305175781,119.05000305175781,411000
2020-11-18,119.63999938964844,121.8499984741211,118.9800033569336,119.83000183105469,119.83000183105469,358100
2020-11-19,119.66000366210938,124.45999908447266,119.41000366210938,123.0999984741211,123.0999984741211,576900
2020-11-20,124.19000244140625,125.44999694824219,121.80999755859375,124.80999755859375,124.80999755859375,406100
2020-11-23,126.29000091552734,127.22000122070312,123.13999938964844,126.5,126.5,402800
2020-11-24,127.54000091552734,130.41000366210938,126.01000213623047,127.48999786376953,127.48999786376953,405100
2020-11-25,127.68000030517578,128.22999572753906,125.29000091552734,127.73999786376953,127.73999786376953,432000
2020-11-27,128.6999969482422,128.6999969482422,124.19999694824219,125.55000305175781,125.55000305175781,271800
2020-11-30,126.88999938964844,127.38999938964844,123.36000061035156,125.69000244140625,125.69000244140625,384100
2020-12-01,127.02999877929688,127.4000015258789,124.29000091552734,125.26000213623047,125.26000213623047,483900
2020-12-02,124.29000091552734,124.5,122.58999633789062,123.91999816894531,123.91999816894531,287400
2020-12-03,123.91999816894531,126.62000274658203,123.41999816894531,123.8499984741211,123.8499984741211,312200
2020-12-04,123.8499984741211,124.93000030517578,123.1500015258789,124.18000030517578,124.18000030517578,250000
2020-12-07,124.98999786376953,126.0,122.44999694824219,122.79000091552734,122.79000091552734,340200
2020-12-08,122.37000274658203,125.73999786376953,122.36000061035156,125.55999755859375,125.55999755859375,425900
2020-12-09,125.22000122070312,128.8800048828125,121.68000030517578,123.19000244140625,123.19000244140625,401400
2020-12-10,122.0199966430664,126.25,121.0999984741211,125.4800033569336,125.4800033569336,787600
2020-12-11,126.05999755859375,127.58000183105469,122.55000305175781,123.12000274658203,123.12000274658203,475000
2020-12-14,124.5,129.8000030517578,124.5,127.23999786376953,127.23999786376953,918100
2020-12-15,129.1300048828125,129.36000061035156,126.70999908447266,128.80999755859375,128.80999755859375,447800
2020-12-16,127.12999725341797,127.9000015258789,119.05000305175781,119.94000244140625,119.94000244140625,783100
2020-12-17,119.80999755859375,122.80999755859375,118.52999877929688,120.75,120.75,616000
2020-12-18,121.69999694824219,125.80000305175781,121.55000305175781,125.33999633789062,125.33999633789062,1000400
2020-12-21,126.12000274658203,128.22999572753906,124.51000213623047,127.87000274658203,127.87000274658203,542400
2020-12-22,127.58000183105469,131.6300048828125,126.37999725341797,128.5,128.5,940300
2020-12-23,129.0399932861328,134.72999572753906,129.0399932861328,131.8300018310547,131.8300018310547,564800
2020-12-24,132.0,132.4600067138672,129.30999755859375,130.75,130.75,187400
2020-12-28,132.5,133.49000549316406,125.1500015258789,125.16000366210938,125.16000366210938,336500
2020-12-29,126.0,126.61000061035156,120.8499984741211,123.33000183105469,123.33000183105469,601400
2020-12-30,123.94999694824219,126.45999908447266,123.56999969482422,123.87999725341797,123.87999725341797,385900
2020-12-31,123.87999725341797,123.87999725341797,121.30000305175781,122.52999877929688,122.52999877929688,354000
2021-01-04,123.01000213623047,123.38999938964844,115.56999969482422,116.8499984741211,116.8499984741211,656800
2021-01-05,116.41000366210938,122.54000091552734,116.01000213623047,122.30000305175781,122.30000305175781,650400
2021-01-06,122.22000122070312,123.06999969482422,118.44000244140625,121.69000244140625,121.69000244140625,691900
2021-01-07,121.81999969482422,125.05000305175781,121.04000091552734,124.56999969482422,124.56999969482422,432700
2021-01-08,124.88999938964844,128.27999877929688,123.5999984741211,125.36000061035156,125.36000061035156,452200
2021-01-11,125.18000030517578,127.87000274658203,123.5999984741211,124.83999633789062,124.83999633789062,549500
2021-01-12,126.36000061035156,135.0500030517578,126.36000061035156,135.0,135.0,1237800
2021-01-13,136.6699981689453,146.05999755859375,135.25,145.25999450683594,145.25999450683594,1174300
2021-01-14,146.08999633789062,152.0,145.41000366210938,149.63999938964844,149.63999938964844,825900
2021-01-15,161.89999389648438,166.49000549316406,150.0,150.77000427246094,150.77000427246094,1683000
2021-01-19,154.8300018310547,159.85000610351562,154.0,159.36000061035156,159.36000061035156,1234100
2021-01-20,162.74000549316406,168.47999572753906,162.41000366210938,164.55999755859375,164.55999755859375,1308000
2021-01-21,168.02999877929688,168.39999389648438,161.7100067138672,162.5399932861328,162.5399932861328,868000
2021-01-22,161.0800018310547,171.72999572753906,160.85000610351562,170.25999450683594,170.25999450683594,654200
2021-01-25,173.4600067138672,177.7100067138672,168.02999877929688,174.5399932861328,174.5399932861328,609600
2021-01-26,176.52000427246094,180.69000244140625,175.25,176.64999389648438,176.64999389648438,849100
2021-01-27,171.72000122070312,176.64999389648438,168.41000366210938,170.0399932861328,170.0399932861328,659000
2021-01-28,166.3699951171875,176.60000610351562,162.57000732421875,163.97000122070312,163.97000122070312,732700
2021-01-29,161.60000610351562,168.97000122070312,160.3000030517578,164.16000366210938,164.16000366210938,356700
2021-02-01,167.1300048828125,168.0,163.3699951171875,166.14999389648438,166.14999389648438,331200
2021-02-02,171.6199951171875,171.9499969482422,165.00999450683594,166.52999877929688,166.52999877929688,357200
2021-02-03,167.85000610351562,169.05999755859375,163.86000061035156,167.5500030517578,167.5500030517578,294300
2021-02-04,169.8000030517578,175.57000732421875,166.02999877929688,175.33999633789062,175.33999633789062,433000
2021-02-05,178.22000122070312,178.52000427246094,172.97000122070312,177.17999267578125,177.17999267578125,185600
2021-02-08,180.0,182.47999572753906,176.52000427246094,182.38999938964844,182.38999938964844,388600
2021-02-09,180.24000549316406,184.88999938964844,180.24000549316406,183.16000366210938,183.16000366210938,397200
2021-02-10,185.0,190.0399932861328,182.16000366210938,187.97999572753906,187.97999572753906,485500
2021-02-11,190.0,212.3699951171875,189.63999938964844,203.50999450683594,203.50999450683594,2637000
2021-02-12,202.0,202.4600067138672,194.80999755859375,195.5399932861328,195.5399932861328,914800
2021-02-16,198.22999572753906,198.8800048828125,175.9199981689453,175.92999267578125,175.92999267578125,1325000
2021-02-17,177.1699981689453,180.88999938964844,175.0,178.3800048828125,178.3800048828125,785400
2021-02-18,176.2100067138672,178.3800048828125,171.1300048828125,173.75,173.75,477400
2021-02-19,176.3800048828125,180.99000549316406,175.99000549316406,177.0,177.0,459500
2021-02-22,177.14999389648438,180.0,168.9499969482422,170.0,170.0,495700
2021-02-23,164.80999755859375,170.67999267578125,156.88999938964844,169.13999938964844,169.13999938964844,659400
2021-02-24,170.9600067138672,171.82000732421875,160.02999877929688,161.4499969482422,161.4499969482422,815500
2021-02-25,161.89999389648438,168.74000549316406,158.5,159.89999389648438,159.89999389648438,572300
2021-02-26,160.89999389648438,169.0,160.0,165.49000549316406,165.49000549316406,652900
2021-03-01,170.74000549316406,174.8300018310547,167.22000122070312,169.64999389648438,169.64999389648438,1052200
2021-03-02,169.99000549316406,172.7100067138672,163.49000549316406,166.14999389648438,166.14999389648438,814400
2021-03-03,164.64999389648438,167.7899932861328,153.94000244140625,155.00999450683594,155.00999450683594,634600
2021-03-04,151.8300018310547,155.36000061035156,138.25999450683594,144.89999389648438,144.89999389648438,1239800
2021-03-05,144.5399932861328,145.0,128.00999450683594,143.0399932861328,143.0399932861328,911100
2021-03-08,143.0800018310547,147.0,137.5,138.58999633789062,138.58999633789062,490200
2021-03-09,143.47999572753906,147.88999938964844,143.07000732421875,144.39999389648438,144.39999389648438,496000
2021-03-10,147.49000549316406,150.7899932861328,140.42999267578125,141.10000610351562,141.10000610351562,651400
2021-03-11,146.50999450683594,153.75999450683594,146.1199951171875,152.75999450683594,152.75999450683594,796400
2021-03-12,150.9199981689453,154.8300018310547,147.36000061035156,152.25999450683594,152.25999450683594,370800
2021-03-15,153.25999450683594,155.2899932861328,150.6300048828125,153.7100067138672,153.7100067138672,423600
2021-03-16,156.63999938964844,159.02000427246094,144.7100067138672,147.02999877929688,147.02999877929688,411800
2021-03-17,145.1999969482422,149.27000427246094,142.5,148.42999267578125,148.42999267578125,327700
2021-03-18,148.1699981689453,148.1699981689453,138.88999938964844,139.9600067138672,139.9600067138672,341300
2021-03-19,139.11000061035156,146.07000732421875,137.8699951171875,144.75,144.75,857200
2021-03-22,146.77999877929688,148.99000549316406,144.3300018310547,144.77000427246094,144.77000427246094,422200
2021-03-23,144.00999450683594,146.0,138.8000030517578,139.6199951171875,139.6199951171875,355800
2021-03-24,140.38999938964844,140.5,133.0500030517578,133.4499969482422,133.4499969482422,496100
2021-03-25,130.0,137.08999633789062,127.25,136.77000427246094,136.77000427246094,471300
2021-03-26,137.50999450683594,139.05999755859375,131.69000244140625,137.82000732421875,137.82000732421875,407200
2021-03-29,137.49000549316406,138.47000122070312,131.82000732421875,134.32000732421875,134.32000732421875,414500
2021-03-30,134.1699981689453,140.17999267578125,133.0,139.27999877929688,139.27999877929688,398100
2021-03-31,140.36000061035156,143.9600067138672,140.36000061035156,142.4199981689453,142.4199981689453,424900
2021-04-01,144.4199981689453,147.50999450683594,142.5500030517578,143.05999755859375,143.05999755859375,391000
2021-04-05,146.1999969482422,147.25,144.0,146.3300018310547,146.3300018310547,559700
2021-04-06,147.05999755859375,148.27999877929688,145.05999755859375,145.60000610351562,145.60000610351562,407500
2021-04-07,147.02999877929688,147.75999450683594,144.4600067138672,147.27000427246094,147.27000427246094,273200
2021-04-08,148.07000732421875,152.0,147.50999450683594,150.57000732421875,150.57000732421875,418300
2021-04-09,149.60000610351562,150.52999877929688,145.35000610351562,149.4199981689453,149.4199981689453,447300
2021-04-12,149.16000366210938,149.80999755859375,145.5,149.1699981689453,149.1699981689453,310200
2021-04-13,150.0,152.6199951171875,148.75999450683594,152.5500030517578,152.5500030517578,310000
2021-04-14,153.47999572753906,156.3699951171875,152.08999633789062,152.44000244140625,152.44000244140625,392500
2021-04-15,155.0,156.05999755859375,152.0,153.25,153.25,245600
2021-04-16,153.22999572753906,154.83999633789062,151.05999755859375,152.74000549316406,152.74000549316406,348500
2021-04-19,150.5,151.11000061035156,145.1999969482422,150.5500030517578,150.5500030517578,489000
2021-04-20,150.5,154.33999633789062,147.25999450683594,150.7899932861328,150.7899932861328,468100
2021-04-21,149.89999389648438,152.9600067138672,147.66000366210938,149.88999938964844,149.88999938964844,324700
2021-04-22,150.10000610351562,156.0,150.10000610351562,153.64999389648438,153.64999389648438,346500
2021-04-23,154.9199981689453,156.11000061035156,153.77999877929688,153.94000244140625,153.94000244140625,392700
2021-04-26,154.64999389648438,159.63999938964844,150.44000244140625,159.2899932861328,159.2899932861328,488600
2021-04-27,159.9600067138672,161.50999450683594,156.61000061035156,156.61000061035156,156.61000061035156,291600
2021-04-28,156.61000061035156,159.10000610351562,154.6999969482422,155.5500030517578,155.5500030517578,223600
2021-04-29,156.25999450683594,157.02000427246094,152.0,154.0500030517578,154.0500030517578,197500
2021-04-30,152.1699981689453,154.82000732421875,151.0,151.61000061035156,151.61000061035156,195300
2021-05-03,152.25999450683594,152.52999877929688,148.64999389648438,148.97999572753906,148.97999572753906,187900
2021-05-04,148.00999450683594,148.3300018310547,141.72000122070312,142.4600067138672,142.4600067138672,307700
2021-05-05,142.47000122070312,144.8699951171875,140.16000366210938,141.24000549316406,141.24000549316406,199200
2021-05-06,140.69000244140625,141.38999938964844,128.33999633789062,130.86000061035156,130.86000061035156,887400
2021-05-07,138.0800018310547,141.11000061035156,132.07000732421875,134.74000549316406,134.74000549316406,610100
2021-05-10,132.83999633789062,133.99000549316406,127.5,129.0,129.0,387100
2021-05-11,125.0,134.64999389648438,123.16000366210938,131.9600067138672,131.9600067138672,552100
2021-05-12,129.1300048828125,130.1199951171875,123.2699966430664,124.08999633789062,124.08999633789062,580500
2021-05-13,124.55999755859375,127.76000213623047,123.0199966430664,126.25,126.25,391600
2021-05-14,128.08999633789062,133.08999633789062,128.08999633789062,132.75999450683594,132.75999450683594,385000
2021-05-17,130.75,134.1300048828125,130.42999267578125,133.58999633789062,133.58999633789062,346100
2021-05-18,134.30999755859375,134.4600067138672,121.08999633789062,123.43000030517578,123.43000030517578,1138000
2021-05-19,123.80999755859375,128.3000030517578,123.52999877929688,126.80000305175781,126.80000305175781,581300
2021-05-20,127.80999755859375,131.5,127.08999633789062,130.30999755859375,130.30999755859375,334900
2021-05-21,131.5,131.99000549316406,126.4800033569336,127.06999969482422,127.06999969482422,344600
2021-05-24,128.80999755859375,131.61000061035156,127.86000061035156,129.99000549316406,129.99000549316406,280100
2021-05-25,130.64999389648438,134.1999969482422,130.6199951171875,130.72999572753906,130.72999572753906,293400
2021-05-26,131.88999938964844,137.27999877929688,131.3800048828125,136.05999755859375,136.05999755859375,337100
2021-05-27,136.1199951171875,139.77999877929688,135.07000732421875,139.47999572753906,139.47999572753906,367400
2021-05-28,140.08999633789062,143.3800048828125,139.47999572753906,140.58999633789062,140.58999633789062,464300
2021-06-01,142.4199981689453,142.9499969482422,136.52999877929688,139.14999389648438,139.14999389648438,355100
2021-06-02,139.52999877929688,141.86000061035156,137.32000732421875,141.58999633789062,141.58999633789062,299200
2021-06-03,139.0,140.4199981689453,137.4499969482422,138.19000244140625,138.19000244140625,236000
2021-06-04,138.33999633789062,141.33999633789062,138.33999633789062,141.16000366210938,141.16000366210938,206400
2021-06-07,141.1300048828125,146.94000244140625,139.5500030517578,146.61000061035156,146.61000061035156,316500
2021-06-08,148.08999633789062,151.99000549316406,145.94000244140625,151.05999755859375,151.05999755859375,481900
2021-06-09,152.85000610351562,153.0,147.82000732421875,148.0500030517578,148.0500030517578,361800
2021-06-10,148.5500030517578,151.39999389648438,147.1199951171875,150.72000122070312,150.72000122070312,229700
2021-06-11,151.7100067138672,157.7899932861328,151.50999450683594,157.44000244140625,157.44000244140625,509700
2021-06-14,158.49000549316406,160.07000732421875,156.36000061035156,156.99000549316406,156.99000549316406,821100
2021-06-15,157.0,158.60000610351562,153.99000549316406,154.49000549316406,154.49000549316406,407100
2021-06-16,155.2899932861328,156.83999633789062,151.11000061035156,152.0,152.0,552400
2021-06-17,151.1199951171875,154.07000732421875,151.10000610351562,153.60000610351562,153.60000610351562,571500
2021-06-18,152.0800018310547,163.16000366210938,152.0800018310547,156.85000610351562,156.85000610351562,861500
2021-06-21,157.44000244140625,159.97000122070312,154.55999755859375,158.75999450683594,158.75999450683594,258200
2021-06-22,158.27000427246094,161.10000610351562,157.2899932861328,160.6199951171875,160.6199951171875,302700
2021-06-23,160.64999389648438,167.61000061035156,160.64999389648438,165.97999572753906,165.97999572753906,475000
2021-06-24,166.9199981689453,168.1199951171875,164.4499969482422,167.8699951171875,167.8699951171875,312500
2021-06-25,169.0,173.0,167.36000061035156,172.17999267578125,172.17999267578125,597100
2021-06-28,174.13999938964844,176.0,170.66000366210938,172.05999755859375,172.05999755859375,418200
2021-06-29,172.1699981689453,176.0,171.58999633789062,174.13999938964844,174.13999938964844,394700
2021-06-30,176.10000610351562,179.3000030517578,175.6999969482422,176.8000030517578,176.8000030517578,573200
2021-07-01,176.8000030517578,176.8000030517578,172.3800048828125,173.25999450683594,173.25999450683594,430300
2021-07-02,174.7899932861328,178.1699981689453,173.66000366210938,177.7899932861328,177.7899932861328,266300
2021-07-06,177.8800048828125,177.8800048828125,174.58999633789062,176.6999969482422,176.6999969482422,350700
2021-07-07,177.2100067138672,177.57000732421875,172.9199981689453,175.80999755859375,175.80999755859375,215000
2021-07-08,170.5,177.94000244140625,168.41000366210938,177.67999267578125,177.67999267578125,287100
2021-07-09,178.74000549316406,178.74000549316406,175.22000122070312,178.2899932861328,178.2899932861328,208700
2021-07-12,178.9499969482422,180.60000610351562,174.58999633789062,179.9199981689453,179.9199981689453,343800
2021-07-13,178.92999267578125,185.2899932861328,178.22000122070312,182.3000030517578,182.3000030517578,379400
2021-07-14,182.38999938964844,183.6300048828125,176.35000610351562,177.30999755859375,177.30999755859375,242200
2021-07-15,177.72999572753906,178.60000610351562,169.25999450683594,173.61000061035156,173.61000061035156,305200
2021-07-16,174.3000030517578,177.05999755859375,173.2100067138672,173.75999450683594,173.75999450683594,315500
2021-07-19,170.77000427246094,176.38999938964844,169.47999572753906,175.6999969482422,175.6999969482422,251400
2021-07-20,175.97000122070312,182.66000366210938,172.75,180.55999755859375,180.55999755859375,451300
2021-07-21,180.05999755859375,182.69000244140625,177.27000427246094,181.4499969482422,181.4499969482422,333800
2021-07-22,181.75999450683594,182.1300048828125,178.13999938964844,180.5500030517578,180.5500030517578,224500
2021-07-23,180.72000122070312,184.0,179.27999877929688,183.02999877929688,183.02999877929688,224200
2021-07-26,183.3000030517578,184.77999877929688,180.72999572753906,182.0399932861328,182.0399932861328,175900
2021-07-27,181.11000061035156,181.99000549316406,176.5500030517578,180.5399932861328,180.5399932861328,208100
2021-07-28,180.5399932861328,186.86000061035156,179.27000427246094,186.08999633789062,186.08999633789062,263600
2021-07-29,186.33999633789062,188.1999969482422,184.77999877929688,186.4199981689453,186.4199981689453,164400
2021-07-30,185.27999877929688,188.3699951171875,184.41000366210938,186.02000427246094,186.02000427246094,257000
2021-08-02,186.8000030517578,191.8300018310547,186.39999389648438,189.63999938964844,189.63999938964844,592300
2021-08-03,189.39999389648438,191.0,184.6199951171875,187.32000732421875,187.32000732421875,369900
2021-08-04,187.0500030517578,193.27999877929688,186.5500030517578,191.1199951171875,191.1199951171875,428800
2021-08-05,190.4199981689453,195.2899932861328,188.2899932861328,193.49000549316406,193.49000549316406,310200
2021-08-06,196.38999938964844,198.0,189.9600067138672,192.58999633789062,192.58999633789062,459800
2021-08-09,191.8300018310547,194.13999938964844,189.3300018310547,192.3699951171875,192.3699951171875,237700
2021-08-10,191.7899932861328,191.7899932861328,183.35000610351562,183.7899932861328,183.7899932861328,359800
2021-08-11,183.27999877929688,185.49000549316406,180.5,184.64999389648438,184.64999389648438,246000
2021-08-12,183.52999877929688,187.38999938964844,181.6999969482422,186.4499969482422,186.4499969482422,246600
2021-08-13,186.61000061035156,188.35000610351562,184.6699981689453,185.13999938964844,185.13999938964844,165600
2021-08-16,183.39999389648438,187.3699951171875,182.14999389648438,186.24000549316406,186.24000549316406,272100
2021-08-17,183.80999755859375,184.6300048828125,180.88999938964844,183.4499969482422,183.4499969482422,174500
2021-08-18,183.52000427246094,185.0,180.6999969482422,182.7100067138672,182.7100067138672,172100
2021-08-19,182.02999877929688,184.32000732421875,180.2899932861328,181.52000427246094,181.52000427246094,167900
2021-08-20,181.5399932861328,186.9199981689453,181.22999572753906,186.8300018310547,186.8300018310547,196300
2021-08-23,187.25999450683594,189.60000610351562,186.3300018310547,186.72999572753906,186.72999572753906,222200
2021-08-24,187.3000030517578,188.0,184.82000732421875,185.8000030517578,185.8000030517578,252300
2021-08-25,186.3000030517578,187.8800048828125,184.27999877929688,186.39999389648438,186.39999389648438,563500
2021-08-26,187.22999572753906,188.6699981689453,183.69000244140625,185.14999389648438,185.14999389648438,421800
2021-08-27,186.02000427246094,189.5,185.9499969482422,187.00999450683594,187.00999450683594,322400
2021-08-30,187.86000061035156,193.22000122070312,185.86000061035156,192.83999633789062,192.83999633789062,428400
2021-08-31,193.41000366210938,194.0,181.61000061035156,181.8699951171875,181.8699951171875,547900
2021-09-01,181.77999877929688,184.6699981689453,181.22000122070312,181.64999389648438,181.64999389648438,529300
2021-09-02,181.6199951171875,184.91000366210938,181.05999755859375,182.8699951171875,182.8699951171875,240400
2021-09-03,182.0,185.52000427246094,180.64999389648438,184.88999938964844,184.88999938964844,204500
2021-09-07,184.27000427246094,185.99000549316406,181.58999633789062,182.6699981689453,182.6699981689453,281400
2021-09-08,181.85000610351562,183.74000549316406,180.16000366210938,182.55999755859375,182.55999755859375,228400
2021-09-09,182.99000549316406,187.08999633789062,180.9499969482422,181.14999389648438,181.14999389648438,338600
2021-09-10,183.27999877929688,183.27999877929688,178.8000030517578,179.80999755859375,179.80999755859375,324400
2021-09-13,180.0,180.50999450683594,175.1300048828125,176.25,176.25,286000
2021-09-14,175.63999938964844,179.38999938964844,175.63999938964844,177.25999450683594,177.25999450683594,256800
2021-09-15,176.00999450683594,178.7100067138672,172.6699981689453,177.8300018310547,177.8300018310547,312000
2021-09-16,177.8300018310547,180.38999938964844,177.8300018310547,179.5399932861328,179.5399932861328,275900
2021-09-17,176.74000549316406,178.3000030517578,170.2899932861328,172.3800048828125,172.3800048828125,1347000
2021-09-20,169.91000366210938,173.82000732421875,168.75999450683594,172.94000244140625,172.94000244140625,444200
2021-09-21,173.8699951171875,176.74000549316406,173.8699951171875,174.64999389648438,174.64999389648438,276800
2021-09-22,175.39999389648438,176.0800018310547,173.52999877929688,175.0,175.0,228200
2021-09-23,175.8300018310547,177.5800018310547,174.16000366210938,176.72999572753906,176.72999572753906,194100
2021-09-24,175.61000061035156,180.52999877929688,175.61000061035156,179.75,179.75,233300
2021-09-27,178.89999389648438,179.72999572753906,177.67999267578125,179.02000427246094,179.02000427246094,248800
2021-09-28,177.8800048828125,178.3800048828125,172.85000610351562,177.58999633789062,177.58999633789062,727700
2021-09-29,178.72999572753906,180.1999969482422,174.6699981689453,175.13999938964844,175.13999938964844,290700
2021-09-30,176.27999877929688,179.10000610351562,174.75,175.02000427246094,175.02000427246094,362800
2021-10-01,176.44000244140625,179.32000732421875,173.5399932861328,178.77000427246094,178.77000427246094,276100
2021-10-04,177.55999755859375,177.55999755859375,164.6199951171875,166.08999633789062,166.08999633789062,531400
2021-10-05,166.9499969482422,170.0,164.64999389648438,165.27999877929688,165.27999877929688,380900
2021-10-06,164.05999755859375,166.99000549316406,161.85000610351562,166.02000427246094,166.02000427246094,258900
2021-10-07,166.7899932861328,170.25999450683594,166.5500030517578,168.94000244140625,168.94000244140625,176400
2021-10-08,169.35000610351562,169.85000610351562,164.32000732421875,164.5500030517578,164.5500030517578,158700
2021-10-11,164.27999877929688,171.3000030517578,162.75999450683594,167.5,167.5,214900
2021-10-12,168.22999572753906,173.02000427246094,168.0,171.42999267578125,171.42999267578125,141400
2021-10-13,173.1199951171875,177.3699951171875,172.6199951171875,176.6199951171875,176.6199951171875,219600
2021-10-14,178.52000427246094,180.61000061035156,177.6999969482422,179.02999877929688,179.02999877929688,223100
2021-10-15,179.77000427246094,180.50999450683594,177.72999572753906,177.94000244140625,177.94000244140625,218200
2021-10-18,177.27000427246094,182.80999755859375,176.30999755859375,181.6999969482422,181.6999969482422,194900
2021-10-19,183.02999877929688,185.86000061035156,181.0800018310547,185.27000427246094,185.27000427246094,295600
2021-10-20,186.38999938964844,187.41000366210938,178.8800048828125,179.0500030517578,179.0500030517578,300300
2021-10-21,179.3300018310547,185.42999267578125,179.3000030517578,184.60000610351562,184.60000610351562,432200
2021-10-22,185.35000610351562,186.0,179.6999969482422,182.64999389648438,182.64999389648438,276000
2021-10-25,184.86000061035156,184.86000061035156,179.6199951171875,179.8000030517578,179.8000030517578,370500
2021-10-26,182.17999267578125,183.5500030517578,179.4600067138672,180.1999969482422,180.1999969482422,318900
2021-10-27,180.61000061035156,182.0399932861328,176.08999633789062,176.3000030517578,176.3000030517578,248900
2021-10-28,175.97999572753906,177.9499969482422,173.16000366210938,174.63999938964844,174.63999938964844,312900
2021-10-29,174.2100067138672,180.5,173.77000427246094,179.9600067138672,179.9600067138672,342500
2021-11-01,180.99000549316406,182.69000244140625,178.9600067138672,180.6699981689453,180.6699981689453,359800
2021-11-02,181.72000122070312,182.25,179.36000061035156,181.60000610351562,181.60000610351562,291100
2021-11-03,182.1999969482422,185.41000366210938,181.5,184.91000366210938,184.91000366210938,282300
2021-11-04,186.10000610351562,187.8300018310547,182.9499969482422,184.5399932861328,184.5399932861328,232600
2021-11-05,186.10000610351562,188.8000030517578,181.67999267578125,182.63999938964844,182.63999938964844,351600
2021-11-08,182.5,182.61000061035156,176.0500030517578,176.64999389648438,176.64999389648438,445100
2021-11-09,176.77999877929688,180.05999755859375,175.35000610351562,176.39999389648438,176.39999389648438,386000
2021-11-10,175.00999450683594,177.27000427246094,169.36000061035156,170.25,170.25,303300
2021-11-11,171.11000061035156,171.5,168.2899932861328,168.9499969482422,168.9499969482422,293600
2021-11-12,169.52000427246094,170.80999755859375,168.22999572753906,170.41000366210938,170.41000366210938,432500
2021-11-15,172.22999572753906,173.5800018310547,167.25,167.41000366210938,167.41000366210938,750100
2021-11-16,208.83999633789062,209.0,174.77999877929688,177.7899932861328,177.7899932861328,3145200
2021-11-17,180.39999389648438,180.44000244140625,172.39999389648438,172.88999938964844,172.88999938964844,947600
2021-11-18,172.66000366210938,180.8699951171875,172.0,174.42999267578125,174.42999267578125,543600
2021-11-19,174.83999633789062,183.42999267578125,174.83999633789062,181.94000244140625,181.94000244140625,827000
2021-11-22,182.1199951171875,186.83999633789062,179.25999450683594,180.97999572753906,180.97999572753906,660300
2021-11-23,180.2899932861328,182.32000732421875,170.5399932861328,174.35000610351562,174.35000610351562,643500
2021-11-24,174.4600067138672,180.27000427246094,173.32000732421875,179.86000061035156,179.86000061035156,418300
2021-11-26,176.72000122070312,181.11000061035156,174.4600067138672,177.1999969482422,177.1999969482422,260100
2021-11-29,178.58999633789062,180.6699981689453,176.61000061035156,179.75,179.75,389300
2021-11-30,177.72999572753906,181.0800018310547,168.75,168.7899932861328,168.7899932861328,651500
2021-12-01,162.80999755859375,172.6300048828125,162.10000610351562,164.77000427246094,164.77000427246094,503700
2021-12-02,164.52999877929688,164.89999389648438,158.35000610351562,159.36000061035156,159.36000061035156,575600
2021-12-03,160.02999877929688,160.0800018310547,149.3800048828125,151.41000366210938,151.41000366210938,753000
2021-12-06,150.25,150.9600067138672,145.94000244140625,148.22000122070312,148.22000122070312,663500
2021-12-07,150.52000427246094,155.7899932861328,148.8000030517578,153.7899932861328,153.7899932861328,652100
2021-12-08,153.7899932861328,153.7899932861328,149.57000732421875,151.47000122070312,151.47000122070312,629700
2021-12-09,152.89999389648438,153.49000549316406,146.32000732421875,146.47000122070312,146.47000122070312,587200
2021-12-10,147.83999633789062,148.32000732421875,139.41000366210938,141.4499969482422,141.4499969482422,810200
2021-12-13,141.6699981689453,144.49000549316406,138.67999267578125,138.88999938964844,138.88999938964844,565100
2021-12-14,143.0500030517578,148.80999755859375,141.25999450683594,145.72999572753906,145.72999572753906,858300
2021-12-15,144.92999267578125,147.77000427246094,142.14999389648438,147.5399932861328,147.5399932861328,549600
2021-12-16,148.13999938964844,148.5500030517578,141.25999450683594,142.11000061035156,142.11000061035156,432900
2021-12-17,141.5399932861328,146.2100067138672,139.60000610351562,144.92999267578125,144.92999267578125,865700
2021-12-20,146.0,152.13999938964844,144.92999267578125,150.86000061035156,150.86000061035156,824500
2021-12-21,150.61000061035156,157.4600067138672,149.0,156.6999969482422,156.6999969482422,759300
2021-12-22,156.27000427246094,159.5399932861328,153.5800018310547,159.00999450683594,159.00999450683594,484700
2021-12-23,160.0,162.25,158.7100067138672,160.5399932861328,160.5399932861328,324700
2021-12-27,160.60000610351562,162.57000732421875,159.39999389648438,161.1199951171875,161.1199951171875,380700
2021-12-28,160.9499969482422,161.0,153.6300048828125,153.80999755859375,153.80999755859375,236300
2021-12-29,153.25,155.5500030517578,151.8000030517578,154.6999969482422,154.6999969482422,226700
2021-12-30,153.9600067138672,157.67999267578125,153.9600067138672,156.07000732421875,156.07000732421875,215400
2021-12-31,155.1699981689453,157.25,154.5800018310547,157.0,157.0,471300
2022-01-03,156.60000610351562,157.5,150.85000610351562,152.8699951171875,152.8699951171875,443500
2022-01-04,151.9600067138672,152.39999389648438,149.1300048828125,151.50999450683594,151.50999450683594,849300
2022-01-05,150.6300048828125,150.80999755859375,146.91000366210938,147.99000549316406,147.99000549316406,1573200
2022-01-06,148.22999572753906,151.58999633789062,146.0,150.13999938964844,150.13999938964844,760400
2022-01-07,150.00999450683594,151.88999938964844,144.80999755859375,145.19000244140625,145.19000244140625,766000
2022-01-10,143.6199951171875,147.74000549316406,140.6199951171875,147.50999450683594,147.50999450683594,593400
2022-01-11,147.33999633789062,150.22999572753906,145.91000366210938,149.75999450683594,149.75999450683594,339300
2022-01-12,150.67999267578125,151.82000732421875,146.4199981689453,151.02999877929688,151.02999877929688,498400
2022-01-13,151.89999389648438,152.47999572753906,143.44000244140625,143.64999389648438,143.64999389648438,385300
2022-01-14,140.6300048828125,143.1300048828125,135.14999389648438,137.1699981689453,137.1699981689453,633000
2022-01-18,137.13999938964844,137.52999877929688,132.0,132.1999969482422,132.1999969482422,487400
2022-01-19,132.4199981689453,135.3699951171875,130.8000030517578,132.5500030517578,132.5500030517578,484300
2022-01-20,133.7100067138672,137.5800018310547,133.60000610351562,133.82000732421875,133.82000732421875,393900
2022-01-21,132.97000122070312,136.49000549316406,131.36000061035156,132.9600067138672,132.9600067138672,632200
2022-01-24,130.07000732421875,135.8800048828125,124.66000366210938,135.58999633789062,135.58999633789062,848000
2022-01-25,133.0,135.58999633789062,128.00999450683594,128.07000732421875,128.07000732421875,1096000
2022-01-26,129.72000122070312,135.0,127.37000274658203,128.19000244140625,128.19000244140625,487500
2022-01-27,129.17999267578125,130.83999633789062,127.27999877929688,129.39999389648438,129.39999389648438,825100
2022-01-28,129.72000122070312,136.11000061035156,128.30999755859375,136.07000732421875,136.07000732421875,551000
2022-01-31,136.74000549316406,141.0,136.0,139.92999267578125,139.92999267578125,495400
2022-02-01,142.0500030517578,144.0399932861328,139.0399932861328,144.0,144.0,419700
2022-02-02,144.3000030517578,144.3000030517578,141.25999450683594,142.14999389648438,142.14999389648438,327300
2022-02-03,139.16000366210938,140.67999267578125,137.4199981689453,139.99000549316406,139.99000549316406,363600
2022-02-04,140.41000366210938,144.58999633789062,137.57000732421875,142.99000549316406,142.99000549316406,303700
2022-02-07,142.99000549316406,145.9199981689453,142.27000427246094,144.4600067138672,144.4600067138672,431700
2022-02-08,143.1199951171875,148.11000061035156,142.38999938964844,145.3300018310547,145.3300018310547,317000
2022-02-09,147.17999267578125,148.8699951171875,145.75999450683594,148.75,148.75,286200
2022-02-10,144.72000122070312,148.2899932861328,143.22000122070312,144.17999267578125,144.17999267578125,535400
2022-02-11,145.24000549316406,145.5,138.36000061035156,139.58999633789062,139.58999633789062,412200
2022-02-14,139.1999969482422,143.52000427246094,137.50999450683594,140.50999450683594,140.50999450683594,341400
2022-02-15,142.13999938964844,144.08999633789062,140.60000610351562,143.25,143.25,237700
2022-02-16,142.27999877929688,143.2899932861328,139.33999633789062,141.41000366210938,141.41000366210938,161600
2022-02-17,139.5399932861328,139.5399932861328,132.4600067138672,132.5800018310547,132.5800018310547,302800
2022-02-18,132.7899932861328,133.97999572753906,128.33999633789062,128.47000122070312,128.47000122070312,331800
2022-02-22,127.68000030517578,130.6300048828125,125.80999755859375,126.76000213623047,126.76000213623047,365700
2022-02-23,128.13999938964844,129.3699951171875,121.91000366210938,122.44000244140625,122.44000244140625,393400
2022-02-24,118.37999725341797,130.4499969482422,117.05000305175781,130.14999389648438,130.14999389648438,582300
2022-02-25,135.49000549316406,135.83999633789062,125.05999755859375,134.13999938964844,134.13999938964844,661500
2022-02-28,134.25,142.13999938964844,133.60000610351562,140.25,140.25,656000
2022-03-01,138.72999572753906,144.42999267578125,138.0800018310547,142.1199951171875,142.1199951171875,524900
2022-03-02,142.1699981689453,145.47000122070312,138.61000061035156,144.61000061035156,144.61000061035156,374400
2022-03-03,146.05999755859375,146.50999450683594,138.85000610351562,140.14999389648438,140.14999389648438,305900
2022-03-04,140.52000427246094,143.1699981689453,136.1699981689453,138.1300048828125,138.1300048828125,340200
2022-03-07,137.94000244140625,139.13999938964844,125.83000183105469,126.12999725341797,126.12999725341797,688600
2022-03-08,125.16000366210938,127.97000122070312,122.62999725341797,125.02999877929688,125.02999877929688,331900
2022-03-09,127.31999969482422,132.47999572753906,126.93000030517578,131.6300048828125,131.6300048828125,256800
2022-03-10,128.9600067138672,131.1300048828125,126.9000015258789,130.3300018310547,130.3300018310547,298000
2022-03-11,132.8699951171875,132.8699951171875,124.58000183105469,124.66000366210938,124.66000366210938,274400
2022-03-14,124.05999755859375,126.0,117.77999877929688,120.30000305175781,120.30000305175781,389400
2022-03-15,121.22000122070312,121.63999938964844,118.58999633789062,121.18000030517578,121.18000030517578,318100
2022-03-16,123.72000122070312,127.38999938964844,122.86000061035156,127.30000305175781,127.30000305175781,350900
2022-03-17,126.44999694824219,131.66000366210938,124.87999725341797,131.33999633789062,131.33999633789062,330300
2022-03-18,131.8300018310547,136.86000061035156,131.8300018310547,134.88999938964844,134.88999938964844,1037300
2022-03-21,133.64999389648438,135.3699951171875,131.1199951171875,134.3699951171875,134.3699951171875,287100
2022-03-22,134.32000732421875,138.3699951171875,133.50999450683594,137.6699981689453,137.6699981689453,302300
2022-03-23,136.91000366210938,137.35000610351562,133.86000061035156,134.82000732421875,134.82000732421875,360200
2022-03-24,135.9499969482422,138.83999633789062,134.0500030517578,138.14999389648438,138.14999389648438,310500
2022-03-25,139.25999450683594,139.25999450683594,132.1699981689453,132.69000244140625,132.69000244140625,294700
2022-03-28,132.32000732421875,135.6699981689453,131.36000061035156,135.11000061035156,135.11000061035156,309000
2022-03-29,136.2100067138672,140.3300018310547,136.2100067138672,138.99000549316406,138.99000549316406,466900
2022-03-30,138.80999755859375,139.3000030517578,135.25999450683594,139.0,139.0,443000
2022-03-31,139.0,139.9600067138672,137.25,137.72999572753906,137.72999572753906,491800
2022-04-01,137.69000244140625,140.0,137.3699951171875,139.30999755859375,139.30999755859375,689400
2022-04-04,140.2100067138672,142.5,139.13999938964844,140.0,140.0,517300
2022-04-05,141.1699981689453,141.83999633789062,137.86000061035156,138.92999267578125,138.92999267578125,469000
2022-04-06,136.75999450683594,136.75999450683594,130.1199951171875,131.1699981689453,131.1699981689453,340700
2022-04-07,130.1300048828125,133.57000732421875,130.1300048828125,132.7899932861328,132.7899932861328,286700
2022-04-08,132.63999938964844,133.00999450683594,127.80999755859375,127.81999969482422,127.81999969482422,284100
2022-04-11,126.4000015258789,128.00999450683594,124.31999969482422,124.4000015258789,124.4000015258789,384900
2022-04-12,126.0,128.08999633789062,124.38999938964844,125.62999725341797,125.62999725341797,385300
2022-04-13,125.62999725341797,127.47000122070312,124.01000213623047,125.2699966430664,125.2699966430664,454800
2022-04-14,125.4000015258789,125.44000244140625,122.02999877929688,123.22000122070312,123.22000122070312,285500
2022-04-18,122.13999938964844,122.5199966430664,118.01000213623047,122.33000183105469,122.33000183105469,312600
2022-04-19,122.05000305175781,130.47000122070312,121.91999816894531,130.0,130.0,379400
2022-04-20,129.36000061035156,129.4199981689453,124.43000030517578,124.63999938964844,124.63999938964844,487500
2022-04-21,126.76000213623047,128.0500030517578,120.13999938964844,120.6500015258789,120.6500015258789,404700
2022-04-22,121.3499984741211,123.51000213623047,118.01000213623047,118.0199966430664,118.0199966430664,406800
2022-04-25,117.12999725341797,121.18000030517578,115.63999938964844,120.79000091552734,120.79000091552734,338100
2022-04-26,119.61000061035156,119.91999816894531,113.33999633789062,113.33999633789062,113.33999633789062,338700
2022-04-27,113.81999969482422,115.86000061035156,112.33000183105469,113.63999938964844,113.63999938964844,294700
2022-04-28,114.9800033569336,116.27999877929688,111.37999725341797,116.05999755859375,116.05999755859375,637300
2022-04-29,115.33000183105469,118.6500015258789,111.77999877929688,112.19999694824219,112.19999694824219,238900
2022-05-02,112.3499984741211,116.66999816894531,110.73999786376953,116.26000213623047,116.26000213623047,292600
2022-05-03,116.02999877929688,118.16999816894531,114.02999877929688,114.8499984741211,114.8499984741211,225700
2022-05-04,116.16999816894531,116.76000213623047,108.47000122070312,115.54000091552734,115.54000091552734,359600
2022-05-05,116.76000213623047,116.80999755859375,96.31999969482422,99.51000213623047,99.51000213623047,922900
2022-05-06,97.5,99.0,94.80000305175781,95.98999786376953,95.98999786376953,529400
2022-05-09,93.91000366210938,93.91000366210938,87.3499984741211,87.88999938964844,87.88999938964844,1076000
2022-05-10,92.68000030517578,94.0,85.87999725341797,89.45999908447266,89.45999908447266,671200
2022-05-11,87.16000366210938,93.41999816894531,83.58000183105469,84.37000274658203,84.37000274658203,890700
2022-05-12,83.5999984741211,89.36000061035156,82.48999786376953,87.04000091552734,87.04000091552734,600700
2022-05-13,90.37000274658203,100.16000366210938,90.37000274658203,98.22000122070312,98.22000122070312,640300
2022-05-16,95.83999633789062,97.87000274658203,93.0,95.44000244140625,95.44000244140625,441700
2022-05-17,98.01000213623047,99.9800033569336,93.91000366210938,96.80000305175781,96.80000305175781,499200
2022-05-18,95.37000274658203,97.83999633789062,94.77999877929688,96.25,96.25,465000
2022-05-19,96.05999755859375,99.97000122070312,96.05999755859375,98.58000183105469,98.58000183105469,459700
2022-05-20,100.98999786376953,101.30999755859375,96.81999969482422,99.4000015258789,99.4000015258789,412600
2022-05-23,95.7699966430664,97.08000183105469,90.80999755859375,94.73999786376953,94.73999786376953,525900
2022-05-24,93.33999633789062,93.47000122070312,89.9000015258789,92.55999755859375,92.55999755859375,319700
2022-05-25,91.44999694824219,95.80999755859375,91.44999694824219,95.54000091552734,95.54000091552734,338900
2022-05-26,96.01000213623047,99.41000366210938,96.01000213623047,98.5199966430664,98.5199966430664,315200
2022-05-27,99.91000366210938,102.86000061035156,98.5,102.5199966430664,102.5199966430664,300900
2022-05-31,102.13999938964844,102.6500015258789,99.05999755859375,101.36000061035156,101.36000061035156,396900
2022-06-01,101.80000305175781,104.20999908447266,97.91000366210938,99.3499984741211,99.3499984741211,274800
2022-06-02,99.25,105.29000091552734,99.25,105.11000061035156,105.11000061035156,307500
2022-06-03,102.94000244140625,104.76000213623047,101.63999938964844,103.08999633789062,103.08999633789062,344400
2022-06-06,104.0,105.87000274658203,100.9800033569336,102.68000030517578,102.68000030517578,376100
2022-06-07,101.31999969482422,104.9800033569336,100.86000061035156,104.06999969482422,104.06999969482422,187900
2022-06-08,103.98999786376953,105.86000061035156,102.69999694824219,102.87999725341797,102.87999725341797,197000
2022-06-09,102.6500015258789,103.33000183105469,100.01000213623047,101.04000091552734,101.04000091552734,288300
2022-06-10,98.19999694824219,99.4800033569336,95.22000122070312,96.51000213623047,96.51000213623047,313800
2022-06-13,92.37999725341797,93.48999786376953,88.9000015258789,89.80999755859375,89.80999755859375,509800
2022-06-14,90.08999633789062,90.44999694824219,86.20999908447266,87.51000213623047,87.51000213623047,555000
2022-06-15,89.16999816894531,92.0999984741211,88.29000091552734,90.87999725341797,90.87999725341797,649400
2022-06-16,88.06999969482422,89.26000213623047,83.79000091552734,85.12000274658203,85.12000274658203,625100
2022-06-17,86.16000366210938,89.16999816894531,86.04000091552734,87.61000061035156,87.61000061035156,1249500
2022-06-21,88.37999725341797,90.1500015258789,84.08000183105469,84.44000244140625,84.44000244140625,760600
2022-06-22,83.7699966430664,87.88999938964844,83.01000213623047,86.36000061035156,86.36000061035156,479500
2022-06-23,86.97000122070312,91.38999938964844,86.33000183105469,91.02999877929688,91.02999877929688,473900
2022-06-24,92.13999938964844,96.58999633789062,92.0,96.16000366210938,96.16000366210938,803700
2022-06-27,96.6500015258789,97.12999725341797,93.69000244140625,96.79000091552734,96.79000091552734,451500
2022-06-28,97.41000366210938,98.9800033569336,94.58000183105469,95.0,95.0,370800
2022-06-29,95.44000244140625,96.22000122070312,92.25,95.63999938964844,95.63999938964844,333100
2022-06-30,94.16999816894531,95.36000061035156,90.66999816894531,93.16999816894531,93.16999816894531,306100
2022-07-01,93.72000122070312,94.54000091552734,91.37000274658203,93.2300033569336,93.2300033569336,279000
2022-07-05,92.62999725341797,95.7300033569336,89.76000213623047,95.6500015258789,95.6500015258789,355800
2022-07-06,96.25,96.79000091552734,92.0,94.02999877929688,94.02999877929688,279200
2022-07-07,93.98999786376953,98.69000244140625,93.98999786376953,97.9000015258789,97.9000015258789,271700
2022-07-08,95.9800033569336,97.91999816894531,94.44000244140625,96.8499984741211,96.8499984741211,214600
2022-07-11,96.44999694824219,96.44999694824219,92.66000366210938,93.62000274658203,93.62000274658203,235100
2022-07-12,94.5199966430664,95.70999908447266,91.4800033569336,92.48999786376953,92.48999786376953,287900
2022-07-13,91.61000061035156,94.16999816894531,90.30000305175781,92.56999969482422,92.56999969482422,209800
2022-07-14,91.1500015258789,91.98999786376953,88.61000061035156,91.26000213623047,91.26000213623047,207200
2022-07-15,92.54000091552734,94.98999786376953,91.8499984741211,94.6500015258789,94.6500015258789,225700
2022-07-18,95.56999969482422,97.70999908447266,94.86000061035156,95.05000305175781,95.05000305175781,338600
2022-07-19,96.62999725341797,98.44999694824219,95.93000030517578,97.62999725341797,97.62999725341797,296200
2022-07-20,98.62000274658203,103.9800033569336,97.83999633789062,103.4800033569336,103.4800033569336,313900
2022-07-21,103.54000091552734,105.62999725341797,103.30000305175781,104.47000122070312,104.47000122070312,227000
2022-07-22,105.13999938964844,105.20999908447266,101.22000122070312,102.12000274658203,102.12000274658203,185700
2022-07-25,102.12000274658203,102.4000015258789,99.75,101.4000015258789,101.4000015258789,252100
2022-07-26,100.88999938964844,100.88999938964844,97.86000061035156,98.83999633789062,98.83999633789062,263800
2022-07-27,100.43000030517578,104.72000122070312,99.5199966430664,104.41000366210938,104.41000366210938,276900
2022-07-28,104.54000091552734,108.41000366210938,104.54000091552734,107.91999816894531,107.91999816894531,275000
2022-07-29,107.33000183105469,111.12999725341797,106.11000061035156,110.19000244140625,110.19000244140625,389400
2022-08-01,109.37999725341797,112.2699966430664,107.5,111.0,111.0,312500
2022-08-02,109.62999725341797,113.93000030517578,109.62999725341797,113.01000213623047,113.01000213623047,268600
2022-08-03,114.33999633789062,116.94999694824219,113.58000183105469,116.66999816894531,116.66999816894531,226800
2022-08-04,117.05999755859375,117.98999786376953,114.31999969482422,116.5999984741211,116.5999984741211,226300
2022-08-05,114.9800033569336,117.47000122070312,114.0999984741211,116.29000091552734,116.29000091552734,258400
2022-08-08,117.88999938964844,120.61000061035156,115.77999877929688,116.2300033569336,116.2300033569336,316000
2022-08-09,114.22000122070312,114.95999908447266,111.0199966430664,111.62000274658203,111.62000274658203,380100
2022-08-10,119.43000030517578,129.47999572753906,119.3499984741211,126.06999969482422,126.06999969482422,803600
2022-08-11,126.48999786376953,127.4000015258789,123.30999755859375,124.0999984741211,124.0999984741211,348500
2022-08-12,124.0,129.55999755859375,123.1500015258789,129.49000549316406,129.49000549316406,477100
2022-08-15,127.4800033569336,132.7100067138672,127.4800033569336,131.9199981689453,131.9199981689453,322800
2022-08-16,130.64999389648438,133.25999450683594,129.0399932861328,133.22999572753906,133.22999572753906,330200
2022-08-17,131.0399932861328,132.41000366210938,129.02000427246094,130.57000732421875,130.57000732421875,250100
2022-08-18,131.61000061035156,132.17999267578125,130.25999450683594,132.13999938964844,132.13999938964844,318900
2022-08-19,130.7899932861328,131.36000061035156,129.49000549316406,130.6999969482422,130.6999969482422,405600
2022-08-22,127.58999633789062,129.72000122070312,126.19999694824219,128.13999938964844,128.13999938964844,631300
2022-08-23,128.1199951171875,129.16000366210938,121.80999755859375,121.86000061035156,121.86000061035156,329700
2022-08-24,121.80999755859375,125.25,121.76000213623047,123.37999725341797,123.37999725341797,231100
2022-08-25,124.18000030517578,127.76000213623047,123.86000061035156,127.66000366210938,127.66000366210938,225200
2022-08-26,127.69999694824219,127.69999694824219,122.0199966430664,122.23999786376953,122.23999786376953,266000
2022-08-29,120.37999725341797,122.0199966430664,118.55000305175781,120.62000274658203,120.62000274658203,252700
2022-08-30,121.33000183105469,124.20999908447266,117.01000213623047,117.70999908447266,117.70999908447266,239800
2022-08-31,118.44000244140625,120.13999938964844,115.62999725341797,116.68000030517578,116.68000030517578,270900
2022-09-01,115.12999725341797,115.83000183105469,111.93000030517578,115.0,115.0,295900
2022-09-02,116.75,116.97000122070312,113.41999816894531,115.77999877929688,115.77999877929688,569300
2022-09-06,115.44000244140625,117.87999725341797,114.58000183105469,117.70999908447266,117.70999908447266,478700
2022-09-07,117.80000305175781,124.16999816894531,117.27999877929688,123.7300033569336,123.7300033569336,357100
2022-09-08,122.1500015258789,124.5,121.61000061035156,122.7300033569336,122.7300033569336,229800
2022-09-09,123.05999755859375,125.12000274658203,123.05999755859375,124.19000244140625,124.19000244140625,230100
2022-09-12,124.98999786376953,125.4000015258789,122.62000274658203,124.80000305175781,124.80000305175781,332300
2022-09-13,119.80000305175781,120.41999816894531,117.9000015258789,118.72000122070312,118.72000122070312,293200
2022-09-14,118.9800033569336,120.20999908447266,116.01000213623047,120.01000213623047,120.01000213623047,314800
2022-09-15,120.25,122.58999633789062,118.5,120.16999816894531,120.16999816894531,287300
2022-09-16,118.0999984741211,119.43000030517578,115.58999633789062,118.33999633789062,118.33999633789062,1338500
2022-09-19,118.04000091552734,119.88999938964844,115.69000244140625,117.95999908447266,117.95999908447266,271800
2022-09-20,116.69999694824219,117.91999816894531,114.19999694824219,117.08999633789062,117.08999633789062,292100
2022-09-21,118.19999694824219,120.52999877929688,116.12999725341797,116.19000244140625,116.19000244140625,452100
2022-09-22,115.19999694824219,115.19999694824219,110.88999938964844,111.94999694824219,111.94999694824219,477300
2022-09-23,110.0,113.76000213623047,109.30999755859375,113.45999908447266,113.45999908447266,434000
2022-09-26,112.41999816894531,114.87999725341797,110.01000213623047,110.6500015258789,110.6500015258789,375200
2022-09-27,111.88999938964844,113.91999816894531,109.47000122070312,113.23999786376953,113.23999786376953,418200
2022-09-28,113.94000244140625,116.05999755859375,113.31999969482422,115.69000244140625,115.69000244140625,261700
2022-09-29,113.75,114.69999694824219,111.33000183105469,114.16000366210938,114.16000366210938,372300
2022-09-30,113.91999816894531,118.69000244140625,113.91999816894531,115.75,115.75,447200
2022-10-03,116.08999633789062,116.98999786376953,112.54000091552734,115.97000122070312,115.97000122070312,287300
2022-10-04,119.44999694824219,121.69999694824219,119.26000213623047,120.94999694824219,120.94999694824219,322300
2022-10-05,119.16999816894531,124.2300033569336,118.55999755859375,123.29000091552734,123.29000091552734,557400
2022-10-06,123.56999969482422,128.7899932861328,123.56999969482422,126.44000244140625,126.44000244140625,470300
2022-10-07,123.94000244140625,124.55000305175781,121.62999725341797,123.75,123.75,404000
2022-10-10,124.12999725341797,128.08999633789062,121.52999877929688,126.16000366210938,126.16000366210938,564900
2022-10-11,125.79000091552734,127.83000183105469,120.18000030517578,121.3499984741211,121.3499984741211,523500
2022-10-12,121.3499984741211,122.44999694824219,119.66999816894531,120.58000183105469,120.58000183105469,269400
2022-10-13,118.01000213623047,122.04000091552734,115.02999877929688,120.91999816894531,120.91999816894531,365300
2022-10-14,122.41000366210938,122.9800033569336,117.3499984741211,119.44999694824219,119.44999694824219,402100
2022-10-17,121.88999938964844,125.7699966430664,121.88999938964844,124.7300033569336,124.7300033569336,302900
2022-10-18,128.2899932861328,129.9199981689453,126.22000122070312,128.16000366210938,128.16000366210938,471100
2022-10-19,127.95999908447266,128.2899932861328,121.77999877929688,124.3499984741211,124.3499984741211,611400
2022-10-20,123.19000244140625,128.3699951171875,123.16999816894531,126.61000061035156,126.61000061035156,346000
2022-10-21,126.5999984741211,130.77999877929688,124.11000061035156,130.60000610351562,130.60000610351562,354400
2022-10-24,130.9600067138672,139.19000244140625,129.5,137.8699951171875,137.8699951171875,810100
2022-10-25,138.05999755859375,139.82000732421875,134.47999572753906,137.1199951171875,137.1199951171875,629600
2022-10-26,135.91000366210938,141.13999938964844,135.02000427246094,137.02999877929688,137.02999877929688,531100
2022-10-27,137.94000244140625,140.6199951171875,136.52999877929688,139.99000549316406,139.99000549316406,395200
2022-10-28,140.27000427246094,142.17999267578125,138.61000061035156,142.07000732421875,142.07000732421875,372400
2022-10-31,142.1699981689453,145.5,140.63999938964844,145.44000244140625,145.44000244140625,556300
2022-11-01,147.1699981689453,148.67999267578125,145.42999267578125,147.58999633789062,147.58999633789062,631600
2022-11-02,146.61000061035156,149.64999389648438,144.82000732421875,145.22000122070312,145.22000122070312,842400
2022-11-03,142.67999267578125,148.55999755859375,142.4600067138672,147.39999389648438,147.39999389648438,795700
2022-11-04,149.7100067138672,149.82000732421875,143.67999267578125,148.66000366210938,148.66000366210938,535800
2022-11-07,149.2899932861328,149.2899932861328,145.5,148.44000244140625,148.44000244140625,554400
2022-11-08,149.0,150.00999450683594,144.82000732421875,150.0,150.0,718800
2022-11-09,162.0,177.8800048828125,161.6999969482422,171.83999633789062,171.83999633789062,1628000
2022-11-10,177.0,184.75,175.0,182.75,182.75,871700
2022-11-11,178.1699981689453,188.74000549316406,178.0,182.94000244140625,182.94000244140625,842500
2022-11-14,180.52999877929688,185.25,177.61000061035156,180.88999938964844,180.88999938964844,654800
2022-11-15,180.72000122070312,188.19000244140625,180.61000061035156,187.9600067138672,187.9600067138672,725400
2022-11-16,187.11000061035156,191.38999938964844,180.72999572753906,191.0399932861328,191.0399932861328,645500
2022-11-17,189.10000610351562,192.24000549316406,186.14999389648438,192.13999938964844,192.13999938964844,539800
2022-11-18,193.85000610351562,193.85000610351562,183.94000244140625,185.22000122070312,185.22000122070312,853800
2022-11-21,184.7100067138672,188.97999572753906,182.11000061035156,186.9499969482422,186.9499969482422,353400
2022-11-22,187.05999755859375,188.0,184.02999877929688,187.30999755859375,187.30999755859375,409800
2022-11-23,188.66000366210938,189.85000610351562,186.8000030517578,187.75,187.75,412800
2022-11-25,187.3699951171875,188.27999877929688,185.86000061035156,187.9199981689453,187.9199981689453,266000
2022-11-28,187.0,188.6699981689453,183.64999389648438,183.94000244140625,183.94000244140625,365000
2022-11-29,184.22000122070312,185.2100067138672,181.0800018310547,181.25999450683594,181.25999450683594,428200
2022-11-30,181.27999877929688,185.14999389648438,180.58999633789062,184.02999877929688,184.02999877929688,836600
2022-12-01,177.9499969482422,186.94000244140625,176.3800048828125,185.5500030517578,185.5500030517578,772700
2022-12-02,183.24000549316406,190.47999572753906,181.57000732421875,188.8300018310547,188.8300018310547,449400
2022-12-05,186.38999938964844,188.30999755859375,183.19000244140625,184.00999450683594,184.00999450683594,423100
2022-12-06,176.89999389648438,176.89999389648438,168.69000244140625,169.42999267578125,169.42999267578125,1060600
2022-12-07,170.41000366210938,171.83999633789062,168.3000030517578,170.16000366210938,170.16000366210938,1164700
2022-12-08,171.77999877929688,175.0,169.8300018310547,171.7100067138672,171.7100067138672,536100
2022-12-09,171.6199951171875,172.72999572753906,168.3800048828125,168.61000061035156,168.61000061035156,399200
2022-12-12,170.25999450683594,171.22000122070312,168.44000244140625,168.58999633789062,168.58999633789062,394700
2022-12-13,175.2899932861328,175.49000549316406,169.25,170.80999755859375,170.80999755859375,596100
2022-12-14,171.4499969482422,175.74000549316406,170.07000732421875,173.52000427246094,173.52000427246094,412300
2022-12-15,172.1999969482422,172.8300018310547,169.7899932861328,171.05999755859375,171.05999755859375,393200
2022-12-16,169.72999572753906,171.9600067138672,168.2899932861328,169.33999633789062,169.33999633789062,709700
2022-12-19,168.9600067138672,171.4199981689453,166.64999389648438,167.57000732421875,167.57000732421875,471000
2022-12-20,167.1999969482422,171.8699951171875,166.61000061035156,171.3699951171875,171.3699951171875,579000
2022-12-21,172.6300048828125,175.64999389648438,171.86000061035156,174.72000122070312,174.72000122070312,500100
2022-12-22,172.63999938964844,173.11000061035156,165.6300048828125,167.82000732421875,167.82000732421875,370300
2022-12-23,168.1999969482422,171.24000549316406,165.5,168.97999572753906,168.97999572753906,306600
2022-12-27,168.72999572753906,172.47999572753906,166.22999572753906,166.25,166.25,291200
2022-12-28,165.8699951171875,167.80999755859375,164.25,165.10000610351562,165.10000610351562,290300
2022-12-29,166.49000549316406,168.1999969482422,165.16000366210938,165.5800018310547,165.5800018310547,296200
2022-12-30,163.8699951171875,166.7100067138672,162.38999938964844,165.92999267578125,165.92999267578125,341500
2023-01-03,167.8800048828125,168.9199981689453,164.6699981689453,168.24000549316406,168.24000549316406,441500
2023-01-04,168.24000549316406,171.1300048828125,166.64999389648438,168.75999450683594,168.75999450683594,438100
2023-01-05,166.97000122070312,170.66000366210938,165.72000122070312,165.74000549316406,165.74000549316406,537100
2023-01-06,166.47000122070312,171.52000427246094,166.13999938964844,170.89999389648438,170.89999389648438,372900
2023-01-09,171.9600067138672,178.8699951171875,171.9600067138672,177.4499969482422,177.4499969482422,740700
2023-01-10,177.77000427246094,181.19000244140625,176.99000549316406,179.3300018310547,179.3300018310547,489500
2023-01-11,180.8699951171875,183.25,178.02000427246094,181.42999267578125,181.42999267578125,637900
2023-01-12,181.44000244140625,184.64999389648438,179.00999450683594,184.0800018310547,184.0800018310547,519200
2023-01-13,182.69000244140625,189.6199951171875,182.1300048828125,188.1300048828125,188.1300048828125,774900
2023-01-17,188.30999755859375,189.13999938964844,184.27000427246094,184.47000122070312,184.47000122070312,582100
2023-01-18,186.3300018310547,188.75999450683594,181.66000366210938,182.27000427246094,182.27000427246094,559100
2023-01-19,181.52000427246094,185.5,181.52000427246094,184.05999755859375,184.05999755859375,567000
2023-01-20,186.0800018310547,186.5,182.72000122070312,185.02000427246094,185.02000427246094,585200
2023-01-23,187.22000122070312,194.8000030517578,185.9199981689453,188.9499969482422,188.9499969482422,1460300
2023-01-24,188.1300048828125,189.83999633789062,184.5,188.9600067138672,188.9600067138672,577800
2023-01-25,188.33999633789062,193.17999267578125,184.0399932861328,192.17999267578125,192.17999267578125,556000
2023-01-26,193.91000366210938,194.72999572753906,186.72000122070312,192.3300018310547,192.3300018310547,718400
2023-01-27,192.2899932861328,193.69000244140625,188.72000122070312,191.61000061035156,191.61000061035156,880900
2023-01-30,191.27000427246094,198.39999389648438,189.75,191.4600067138672,191.4600067138672,812600
2023-01-31,191.8000030517578,195.63999938964844,191.8000030517578,195.44000244140625,195.44000244140625,790200
2023-02-01,197.16000366210938,199.44000244140625,192.7100067138672,198.38999938964844,198.38999938964844,511400
2023-02-02,200.0,204.99000549316406,196.41000366210938,198.5399932861328,198.5399932861328,681300
2023-02-03,196.1999969482422,202.44000244140625,195.6999969482422,198.19000244140625,198.19000244140625,461400
2023-02-06,197.36000061035156,200.69000244140625,194.5800018310547,195.9499969482422,195.9499969482422,558500
2023-02-07,194.75999450683594,194.75999450683594,168.3000030517578,188.5800018310547,188.5800018310547,2400500
2023-02-08,186.7899932861328,189.57000732421875,184.74000549316406,185.0,185.0,1162000
2023-02-09,187.0,191.22000122070312,183.4499969482422,183.80999755859375,183.80999755859375,810500
2023-02-10,181.02999877929688,187.8300018310547,180.97000122070312,184.5500030517578,184.5500030517578,630200
2023-02-13,186.8800048828125,190.4499969482422,183.66000366210938,190.32000732421875,190.32000732421875,562900
2023-02-14,189.60000610351562,194.30999755859375,188.42999267578125,193.89999389648438,193.89999389648438,426100
2023-02-15,194.7899932861328,199.3000030517578,192.91000366210938,198.99000549316406,198.99000549316406,395500
2023-02-16,197.35000610351562,200.97000122070312,195.91000366210938,196.0500030517578,196.0500030517578,405200
2023-02-17,192.86000061035156,193.55999755859375,186.50999450683594,189.25999450683594,189.25999450683594,836700
2023-02-21,188.8699951171875,191.77999877929688,187.63999938964844,189.77000427246094,189.77000427246094,527100
2023-02-22,191.13999938964844,194.8699951171875,190.41000366210938,193.58999633789062,193.58999633789062,459700
2023-02-23,195.52999877929688,196.5500030517578,192.52000427246094,195.0399932861328,195.0399932861328,664000
2023-02-24,192.25999450683594,196.74000549316406,191.50999450683594,193.5500030517578,193.5500030517578,605800
2023-02-27,194.44000244140625,199.52999877929688,194.1300048828125,194.97000122070312,194.97000122070312,815500
2023-02-28,194.52000427246094,201.6699981689453,194.3699951171875,200.30999755859375,200.30999755859375,4875300
2023-03-01,208.74000549316406,221.30999755859375,202.85000610351562,221.05999755859375,221.05999755859375,2166900
2023-03-02,215.0,219.69000244140625,212.1999969482422,218.30999755859375,218.30999755859375,1050800
2023-03-03,212.52000427246094,224.0,212.52000427246094,220.9499969482422,220.9499969482422,922500
2023-03-06,217.58999633789062,223.80999755859375,216.1199951171875,221.3800048828125,221.3800048828125,804200
2023-03-07,222.1199951171875,224.49000549316406,219.74000549316406,222.24000549316406,222.24000549316406,720300
2023-03-08,226.0,226.0,220.57000732421875,221.8000030517578,221.8000030517578,820700
2023-03-09,221.33999633789062,222.0,217.8800048828125,217.88999938964844,217.88999938964844,746200
2023-03-10,218.47000122070312,218.47000122070312,212.74000549316406,213.0,213.0,598400
2023-03-13,209.55999755859375,214.77999877929688,207.0,211.0,211.0,714100
2023-03-14,214.77000427246094,216.17999267578125,212.13999938964844,215.0,215.0,930900
2023-03-15,212.5399932861328,213.39999389648438,207.3000030517578,211.2100067138672,211.2100067138672,610200
2023-03-16,210.3000030517578,217.1199951171875,208.97000122070312,216.97999572753906,216.97999572753906,438500
2023-03-17,215.36000061035156,216.5800018310547,210.9600067138672,213.1199951171875,213.1199951171875,941600
2023-03-20,214.14999389648438,215.4499969482422,212.02000427246094,213.72000122070312,213.72000122070312,699400
2023-03-21,218.60000610351562,221.69000244140625,217.5,219.67999267578125,219.67999267578125,611700
2023-03-22,218.75,218.94000244140625,213.22000122070312,213.50999450683594,213.50999450683594,422800
2023-03-23,215.3000030517578,217.66000366210938,211.2899932861328,215.72000122070312,215.72000122070312,505200
2023-03-24,213.55999755859375,216.99000549316406,212.3800048828125,216.5800018310547,216.5800018310547,296000
2023-03-27,218.75,220.8000030517578,215.72000122070312,218.58999633789062,218.58999633789062,469600
2023-03-28,217.6199951171875,218.99000549316406,214.77999877929688,215.60000610351562,215.60000610351562,448000
2023-03-29,217.86000061035156,219.07000732421875,215.82000732421875,216.8300018310547,216.8300018310547,835400
2023-03-30,219.3000030517578,219.38999938964844,216.25,217.6999969482422,217.6999969482422,572600
2023-03-31,219.63999938964844,227.55999755859375,218.41000366210938,224.85000610351562,224.85000610351562,1411200
2023-04-03,223.97999572753906,227.49000549316406,221.99000549316406,227.38999938964844,227.38999938964844,537100
2023-04-04,227.89999389648438,229.0,221.1999969482422,223.0,223.0,466200
2023-04-05,221.1999969482422,223.0,213.72999572753906,217.2899932861328,217.2899932861328,682700
2023-04-06,217.0,219.77000427246094,215.6999969482422,219.7100067138672,219.7100067138672,507700
2023-04-10,218.6699981689453,222.77999877929688,217.5500030517578,222.6300048828125,222.6300048828125,395600
2023-04-11,224.66000366210938,226.3800048828125,222.13999938964844,224.00999450683594,224.00999450683594,637200
2023-04-12,225.0,226.5,221.50999450683594,222.22000122070312,222.22000122070312,550800
2023-04-13,224.4600067138672,225.0800018310547,220.8000030517578,223.30999755859375,223.30999755859375,843400
2023-04-14,222.35000610351562,224.72000122070312,221.41000366210938,223.91000366210938,223.91000366210938,764500
2023-04-17,225.0,228.7899932861328,224.52999877929688,225.57000732421875,225.57000732421875,485500
2023-04-18,225.9600067138672,228.60000610351562,225.25,227.52999877929688,227.52999877929688,503500
2023-04-19,225.85000610351562,227.5,224.0,226.33999633789062,226.33999633789062,1370900
2023-04-20,224.36000061035156,228.00999450683594,223.30999755859375,224.47000122070312,224.47000122070312,588200
2023-04-21,224.61000061035156,227.27000427246094,223.30999755859375,225.02000427246094,225.02000427246094,513200
2023-04-24,224.66000366210938,226.80999755859375,222.3800048828125,224.5,224.5,614900
2023-04-25,223.88999938964844,224.5,220.35000610351562,220.85000610351562,220.85000610351562,529000
2023-04-26,220.0,221.02000427246094,216.08999633789062,216.1300048828125,216.1300048828125,508000
2023-04-27,216.75999450683594,217.47999572753906,212.55999755859375,215.5500030517578,215.5500030517578,675300
2023-04-28,213.82000732421875,214.33999633789062,207.72000122070312,210.7100067138672,210.7100067138672,660400
2023-05-01,211.3300018310547,216.35000610351562,210.3000030517578,216.0,216.0,1026200
2023-05-02,216.5800018310547,220.5800018310547,214.00999450683594,220.22000122070312,220.22000122070312,1187700
2023-05-03,220.8300018310547,229.9499969482422,220.16000366210938,220.8800048828125,220.8800048828125,17765900
2023-05-04,219.5,222.32000732421875,216.0,219.10000610351562,219.10000610351562,1007400
2023-05-05,218.4600067138672,220.57000732421875,214.0,219.91000366210938,219.91000366210938,796600
2023-05-08,219.91000366210938,222.66000366210938,219.72999572753906,221.86000061035156,221.86000061035156,685400
2023-05-09,222.0800018310547,228.41000366210938,221.5,226.8800048828125,226.8800048828125,1135900
2023-05-10,222.72999572753906,224.11000061035156,186.32000732421875,192.72999572753906,192.72999572753906,3724200
2023-05-11,197.83999633789062,204.89999389648438,197.0,204.60000610351562,204.60000610351562,1816900
2023-05-12,205.1199951171875,207.14999389648438,200.17999267578125,201.5,201.5,889400
2023-05-15,200.1999969482422,205.3000030517578,198.5,203.47000122070312,203.47000122070312,781600
2023-05-16,203.25,204.99000549316406,201.1300048828125,201.2100067138672,201.2100067138672,639700
2023-05-17,201.92999267578125,202.92999267578125,196.75,197.67999267578125,197.67999267578125,830700
2023-05-18,201.49000549316406,202.0,199.49000549316406,201.6999969482422,201.6999969482422,1137500
2023-05-19,201.88999938964844,203.14999389648438,196.2100067138672,196.86000061035156,196.86000061035156,1023200
2023-05-22,197.5800018310547,203.1999969482422,196.25999450683594,201.75,201.75,859800
2023-05-23,200.00999450683594,204.22999572753906,193.91000366210938,195.8000030517578,195.8000030517578,784700
2023-05-24,194.4199981689453,195.99000549316406,191.8000030517578,192.80999755859375,192.80999755859375,693400
2023-05-25,193.49000549316406,194.52000427246094,189.6300048828125,193.9600067138672,193.9600067138672,816300
2023-05-26,195.0,197.64999389648438,194.1300048828125,194.9499969482422,194.9499969482422,708200
2023-05-30,196.0,197.49000549316406,191.89999389648438,193.16000366210938,193.16000366210938,717200
2023-05-31,192.47000122070312,193.39999389648438,189.89999389648438,192.91000366210938,192.91000366210938,3270500
2023-06-01,191.58999633789062,195.3800048828125,190.50999450683594,192.13999938964844,192.13999938964844,1317900
2023-06-02,193.33999633789062,194.7899932861328,190.80999755859375,193.25,193.25,791600
2023-06-05,192.86000061035156,193.52999877929688,190.2100067138672,191.86000061035156,191.86000061035156,695800
2023-06-06,191.8800048828125,195.9600067138672,191.17999267578125,194.8800048828125,194.8800048828125,606900
2023-06-07,194.8800048828125,199.83999633789062,193.39999389648438,197.8800048828125,197.8800048828125,966700
2023-06-08,196.52000427246094,199.0,194.50999450683594,194.74000549316406,194.74000549316406,495000
2023-06-09,195.5399932861328,197.0,194.08999633789062,194.82000732421875,194.82000732421875,425500
2023-06-12,195.89999389648438,198.0500030517578,194.49000549316406,196.85000610351562,196.85000610351562,547400
2023-06-13,196.85000610351562,198.3800048828125,195.1999969482422,196.66000366210938,196.66000366210938,658000
2023-06-14,195.8300018310547,198.7100067138672,195.0,197.80999755859375,197.80999755859375,969600
2023-06-15,196.8800048828125,203.3800048828125,196.8800048828125,202.08999633789062,202.08999633789062,733000
2023-06-16,203.6300048828125,206.3300018310547,199.9600067138672,202.36000061035156,202.36000061035156,3200200
2023-06-20,201.5,205.39999389648438,199.2899932861328,204.77000427246094,204.77000427246094,1125800
2023-06-21,205.64999389648438,205.64999389648438,197.25,197.5399932861328,197.5399932861328,582200
2023-06-22,197.0,198.58999633789062,194.33999633789062,196.9199981689453,196.9199981689453,511200
2023-06-23,194.6699981689453,194.6999969482422,188.64999389648438,188.7100067138672,188.7100067138672,1318100
2023-06-26,188.8800048828125,190.14999389648438,186.8800048828125,189.6300048828125,189.6300048828125,868300
2023-06-27,191.1300048828125,195.74000549316406,191.1300048828125,195.3800048828125,195.3800048828125,454300
2023-06-28,195.75999450683594,196.41000366210938,193.6699981689453,194.58999633789062,194.58999633789062,515700
2023-06-29,194.85000610351562,197.35000610351562,193.22999572753906,195.8300018310547,195.8300018310547,490300
2023-06-30,196.5800018310547,196.88999938964844,194.6199951171875,195.1199951171875,195.1199951171875,509200
2023-07-03,194.30999755859375,194.92999267578125,189.8800048828125,194.5800018310547,194.5800018310547,379400
2023-07-05,193.30999755859375,195.7899932861328,192.4499969482422,193.61000061035156,193.61000061035156,487700
2023-07-06,192.41000366210938,193.00999450683594,188.10000610351562,188.82000732421875,188.82000732421875,490100
2023-07-07,189.58999633789062,190.86000061035156,186.69000244140625,188.10000610351562,188.10000610351562,636400
2023-07-10,189.02999877929688,195.4199981689453,188.86000061035156,195.36000061035156,195.36000061035156,556600
2023-07-11,195.35000610351562,196.88999938964844,193.8699951171875,195.5800018310547,195.5800018310547,527800
2023-07-12,197.3699951171875,197.3699951171875,192.47000122070312,195.8800048828125,195.8800048828125,428500
2023-07-13,196.50999450683594,197.4199981689453,193.52999877929688,194.02999877929688,194.02999877929688,434000
2023-07-14,192.75999450683594,193.97000122070312,190.9199981689453,192.24000549316406,192.24000549316406,343300
2023-07-17,192.22999572753906,196.9199981689453,191.8000030517578,196.16000366210938,196.16000366210938,314500
2023-07-18,195.77999877929688,196.66000366210938,191.9499969482422,192.25,192.25,647400
2023-07-19,192.27000427246094,193.91000366210938,187.7100067138672,189.52999877929688,189.52999877929688,889200
2023-07-20,189.5399932861328,190.07000732421875,183.16000366210938,184.02999877929688,184.02999877929688,620000
2023-07-21,184.9499969482422,185.3000030517578,179.61000061035156,179.9600067138672,179.9600067138672,1135600
2023-07-24,179.5399932861328,181.33999633789062,177.13999938964844,178.3000030517578,178.3000030517578,1155400
2023-07-25,176.83999633789062,180.41000366210938,176.0800018310547,180.02999877929688,180.02999877929688,741200
2023-07-26,179.36000061035156,180.77000427246094,176.30999755859375,180.0399932861328,180.0399932861328,628300
2023-07-27,181.24000549316406,185.5500030517578,180.47000122070312,182.08999633789062,182.08999633789062,909300
2023-07-28,184.1199951171875,186.36000061035156,182.47000122070312,182.63999938964844,182.63999938964844,648000
2023-07-31,183.14999389648438,186.14999389648438,182.91000366210938,185.92999267578125,185.92999267578125,580900
2023-08-01,184.4499969482422,186.0500030517578,183.25999450683594,183.3300018310547,183.3300018310547,425300
2023-08-02,181.94000244140625,182.30999755859375,177.91000366210938,178.02000427246094,178.02000427246094,558100
2023-08-03,177.00999450683594,178.82000732421875,175.3699951171875,177.10000610351562,177.10000610351562,457700
2023-08-04,178.49000549316406,182.9199981689453,178.3800048828125,180.86000061035156,180.86000061035156,1002200
2023-08-07,181.89999389648438,182.5800018310547,178.88999938964844,179.6699981689453,179.6699981689453,574800
2023-08-08,179.22000122070312,180.0800018310547,175.58999633789062,175.72999572753906,175.72999572753906,806500
2023-08-09,198.1199951171875,207.86000061035156,196.49000549316406,200.44000244140625,200.44000244140625,2983400
2023-08-10,203.80999755859375,208.9199981689453,202.35000610351562,204.1199951171875,204.1199951171875,1232800
2023-08-11,203.17999267578125,211.88999938964844,202.32000732421875,211.22999572753906,211.22999572753906,1419500
2023-08-14,209.58999633789062,211.64999389648438,206.05999755859375,206.6199951171875,206.6199951171875,802200
2023-08-15,206.6199951171875,207.36000061035156,202.58999633789062,203.0500030517578,203.0500030517578,683300
2023-08-16,201.8699951171875,202.16000366210938,198.1999969482422,200.77999877929688,200.77999877929688,512600
2023-08-17,200.4199981689453,200.4199981689453,195.0,195.38999938964844,195.38999938964844,540500
2023-08-18,193.11000061035156,200.72000122070312,192.8699951171875,200.10000610351562,200.10000610351562,730300
2023-08-21,199.55999755859375,201.07000732421875,195.6699981689453,196.94000244140625,196.94000244140625,432400
2023-08-22,196.86000061035156,199.5399932861328,196.0,198.9600067138672,198.9600067138672,300800
2023-08-23,199.4499969482422,200.58999633789062,197.63999938964844,200.3000030517578,200.3000030517578,403200
2023-08-24,200.44000244140625,204.17999267578125,195.86000061035156,196.00999450683594,196.00999450683594,748000
2023-08-25,195.72999572753906,198.6199951171875,193.30999755859375,198.42999267578125,198.42999267578125,412200
2023-08-28,199.72999572753906,203.36000061035156,199.72999572753906,200.7100067138672,200.7100067138672,435500
2023-08-29,200.11000061035156,206.2899932861328,199.27000427246094,205.13999938964844,205.13999938964844,302400
2023-08-30,204.8000030517578,211.58999633789062,204.8000030517578,211.10000610351562,211.10000610351562,541300
2023-08-31,212.0,215.27999877929688,211.85000610351562,212.91000366210938,212.91000366210938,862000
2023-09-01,213.61000061035156,215.47999572753906,212.3800048828125,215.38999938964844,215.38999938964844,343300
2023-09-05,214.5,214.89999389648438,208.14999389648438,212.25,212.25,697700
2023-09-06,212.61000061035156,215.44000244140625,211.7100067138672,213.5,213.5,330300
2023-09-07,213.41000366210938,216.80999755859375,210.42999267578125,216.05999755859375,216.05999755859375,459200
2023-09-08,215.33999633789062,217.61000061035156,214.11000061035156,214.7100067138672,214.7100067138672,359500
2023-09-11,214.47000122070312,215.0,210.80999755859375,213.19000244140625,213.19000244140625,326300
2023-09-12,210.8300018310547,213.1300048828125,210.25999450683594,211.92999267578125,211.92999267578125,375500
2023-09-13,211.0,211.88999938964844,208.0500030517578,209.86000061035156,209.86000061035156,378700
2023-09-14,209.9499969482422,213.50999450683594,209.32000732421875,212.50999450683594,212.50999450683594,398700
2023-09-15,211.3800048828125,211.67999267578125,204.9499969482422,206.2100067138672,206.2100067138672,819800
2023-09-18,204.60000610351562,211.19000244140625,203.00999450683594,208.17999267578125,208.17999267578125,497200
2023-09-19,207.22999572753906,207.22999572753906,201.24000549316406,203.8000030517578,203.8000030517578,478800
2023-09-20,205.33999633789062,206.32000732421875,203.19000244140625,203.35000610351562,203.35000610351562,458300
2023-09-21,201.02999877929688,201.7100067138672,196.00999450683594,196.1300048828125,196.1300048828125,598300
2023-09-22,196.8800048828125,197.57000732421875,194.5,195.4199981689453,195.4199981689453,369200
2023-09-25,193.9499969482422,195.35000610351562,192.5,193.24000549316406,193.24000549316406,373600
2023-09-26,190.63999938964844,192.1999969482422,189.1199951171875,189.61000061035156,189.61000061035156,444700
2023-09-27,190.85000610351562,195.7100067138672,190.69000244140625,194.64999389648438,194.64999389648438,617800
2023-09-28,193.41000366210938,196.5500030517578,191.60000610351562,196.0800018310547,196.0800018310547,354200
2023-09-29,197.86000061035156,201.5399932861328,197.5800018310547,198.99000549316406,198.99000549316406,634300
2023-10-02,197.2899932861328,199.10000610351562,195.0500030517578,196.14999389648438,196.14999389648438,428500
2023-10-03,195.38999938964844,196.05999755859375,190.82000732421875,192.05999755859375,192.05999755859375,266600
2023-10-04,192.02999877929688,194.89999389648438,190.00999450683594,194.61000061035156,194.61000061035156,335100
2023-10-05,194.80999755859375,196.5500030517578,192.7899932861328,196.11000061035156,196.11000061035156,300900
2023-10-06,193.1199951171875,201.4499969482422,192.6300048828125,199.6999969482422,199.6999969482422,370200
2023-10-09,202.1999969482422,209.94000244140625,200.99000549316406,208.80999755859375,208.80999755859375,532000
2023-10-10,210.0,216.30999755859375,209.61000061035156,215.2899932861328,215.2899932861328,591500
2023-10-11,216.63999938964844,220.7100067138672,216.0,220.0,220.0,728500
2023-10-12,220.67999267578125,220.67999267578125,214.19000244140625,215.41000366210938,215.41000366210938,424900
2023-10-13,216.6300048828125,217.8800048828125,214.27999877929688,215.42999267578125,215.42999267578125,410200
2023-10-16,217.1999969482422,220.4600067138672,216.67999267578125,220.0500030517578,220.0500030517578,307000
2023-10-17,218.52999877929688,223.3000030517578,218.0500030517578,222.5399932861328,222.5399932861328,568900
2023-10-18,222.0,223.1199951171875,219.72000122070312,220.00999450683594,220.00999450683594,206839
